trials.thisRepN,trials.thisTrialN,trials.thisN,trials.thisIndex,loop_test.thisRepN,loop_test.thisTrialN,loop_test.thisN,loop_test.thisIndex,loop_eval_discri.thisRepN,loop_eval_discri.thisTrialN,loop_eval_discri.thisN,loop_eval_discri.thisIndex,loop_eval.thisRepN,loop_eval.thisTrialN,loop_eval.thisN,loop_eval.thisIndex,loop_discri.thisRepN,loop_discri.thisTrialN,loop_discri.thisN,loop_discri.thisIndex,thisRow.t,notes,Set_up.started,Set_up.stopped,electrode_check.started,electrode_check.stopped,instructions_eval.started,instructions_eval.stopped,pause_5_test.started,pause_5_test.stopped,Phase_Test.started,thermode_locali.started,Phase_Test.stopped,loca_thermode,condition,temp_trial_sent,eval_douleur.started,eval_douleur.stopped,ratingScale.response,ratingScale.rt,thermode_locali.stopped,Fin_test.started,text.started,Fin_test.stopped,pause_5_EVA.started,pause_5_EVA.stopped,tâche_EVA.started,thermode_locali_EVA.started,tâche_EVA.stopped,thermode_locali_EVA.stopped,instructions_discrim.started,instructions_discrim.stopped,pause_5_pic.started,pause_5_pic.stopped,tâche_PIC.started,thermode_locali_pic.started,percu_or.started,responser.started,thermode_locali_pic.stopped,percu_or.stopped,responser.stopped,tâche_PIC.stopped,dur_plateau1,dur_plateau2,dur_plateau1_sent,dur_plateau2_sent,start_plateau_2_resp,dur_pic,dur_rise,pic_presence,pic_response,discrimin_resp.keys,discrimin_resp.rt,discrimin_resp.duration,break_entre_bloc.started,break_entre_bloc.stopped,merci.started,merci.stopped,participant,temp_flat,temp_active,temp_pic_set,com_thermode,date,expName,psychopyVersion,frameRate,expStart,
0,0,0,0,0,0,0,0,,,,,,,,,,,,,185.57353069999954,,0.020114200000534765,160.68989890000012,160.690279800001,161.07320510000136,161.07321070000035,185.55696040000112,185.55725230000098,190.55697340000188,190.55697910000163,190.57351610000114,202.55704680000053,0,inactive,46.8,202.55726660000073,206.0588811000016,46.00000000000012,3.478,,,,,,,,,,,,,,,,,,,,,,,,,,,,,,,,,,,,,,,sub-075,46.8,45.6,47.75,COM3,2026-05-13_13h44.06.592,2024_RDpaindiscrimination_maintask,2023.2.3,59.9736116106852,2026-05-13 13h44.29.812704 -0400,
0,0,0,0,1,0,1,0,,,,,,,,,,,,,206.0736509999988,,,,,,,,206.06008909999946,211.05707959999927,211.05708429999868,211.07372720000058,223.05736679999973,1,active,45.6,223.0574983000006,226.04157439999835,25.000000000000195,2.964,223.0905176999986,,,,,,,,,,,,,,,,,,,,,,,,,,,,,,,,,,,,,,sub-075,46.8,45.6,47.75,COM3,2026-05-13_13h44.06.592,2024_RDpaindiscrimination_maintask,2023.2.3,59.9736116106852,2026-05-13 13h44.29.812704 -0400,
0,0,0,0,2,0,2,0,,,,,,,,,,,,,226.05732440000065,,,,,,,,226.0423082999987,231.04066859999875,231.04067320000104,231.057334000001,243.04106270000193,2,active,45.6,243.04119980000178,246.49208830000134,3.0000000000000937,3.431,243.07416359999843,,,,,,,,,,,,,,,,,,,,,,,,,,,,,,,,,,,,,,sub-075,46.8,45.6,47.75,COM3,2026-05-13_13h44.06.592,2024_RDpaindiscrimination_maintask,2023.2.3,59.9736116106852,2026-05-13 13h44.29.812704 -0400,
0,0,0,0,3,0,3,0,,,,,,,,,,,,,246.50745870000173,,,,,,,,246.49315510000088,251.4909904999986,251.49099539999952,251.50761179999972,263.4911342000014,3,inactive,46.8,263.4912700999994,266.15873099999953,57.99999999999987,2.647,263.5243564000011,,,,,,,,,,,,,,,,,,,,,,,,,,,,,,,,,,,,,,sub-075,46.8,45.6,47.75,COM3,2026-05-13_13h44.06.592,2024_RDpaindiscrimination_maintask,2023.2.3,59.9736116106852,2026-05-13 13h44.29.812704 -0400,
0,0,0,0,4,0,4,0,,,,,,,,,,,,,266.1744104999998,,,,,,,,266.15947679999954,271.15785870000036,271.157863299999,271.1744899000005,283.1580178000004,0,active,45.6,283.15817529999913,286.3266833000016,2.500000000000058,3.149,283.19116270000086,,,,,,,,,,,,,,,,,,,,,,,,,,,,,,,,,,,,,,sub-075,46.8,45.6,47.75,COM3,2026-05-13_13h44.06.592,2024_RDpaindiscrimination_maintask,2023.2.3,59.9736116106852,2026-05-13 13h44.29.812704 -0400,
0,0,0,0,5,0,5,0,,,,,,,,,,,,,286.3412473999997,,,,,,,,286.327750299999,291.32469029999993,291.3246948999986,291.3413999000004,303.3250689000015,1,active,45.6,303.3252102000006,306.2433936000016,6.499999999999988,2.898,303.35818740000104,,,,,,,,,,,,,,,,,,,,,,,,,,,,,,,,,,,,,,sub-075,46.8,45.6,47.75,COM3,2026-05-13_13h44.06.592,2024_RDpaindiscrimination_maintask,2023.2.3,59.9736116106852,2026-05-13 13h44.29.812704 -0400,
0,0,0,0,6,0,6,0,,,,,,,,,,,,,306.2582215000002,,,,,,,,306.24416030000066,311.24167410000155,311.24167859999943,311.25829539999904,323.2419593000013,2,inactive,46.8,323.24209490000067,325.04428629999893,43.50000000000006,1.783,323.2749979,,,,,,,,,,,,,,,,,,,,,,,,,,,,,,,,,,,,,,sub-075,46.8,45.6,47.75,COM3,2026-05-13_13h44.06.592,2024_RDpaindiscrimination_maintask,2023.2.3,59.9736116106852,2026-05-13 13h44.29.812704 -0400,
0,0,0,0,7,0,7,0,,,,,,,,,,,,,325.0584205999985,,,,,,,,325.0450137000007,330.0417844000003,330.04178909999973,330.0584501000012,342.0421434000018,3,inactive,46.8,342.04229209999903,346.01027500000055,54.499999999999986,3.948,342.07530190000034,,,,,,,,,,,,,,,,,,,,,,,,,,,,,,,,,,,,,,sub-075,46.8,45.6,47.75,COM3,2026-05-13_13h44.06.592,2024_RDpaindiscrimination_maintask,2023.2.3,59.9736116106852,2026-05-13 13h44.29.812704 -0400,
0,0,0,0,8,0,8,0,,,,,,,,,,,,,346.0252948000016,,,,,,,,346.0113482000015,351.00865690000137,351.00866179999866,351.0253096999986,363.008963100001,0,active,45.6,363.00911629999973,367.0605485999986,0.0,4.032,363.0420997000001,,,,,,,,,,,,,,,,,,,,,,,,,,,,,,,,,,,,,,sub-075,46.8,45.6,47.75,COM3,2026-05-13_13h44.06.592,2024_RDpaindiscrimination_maintask,2023.2.3,59.9736116106852,2026-05-13 13h44.29.812704 -0400,
0,0,0,0,9,0,9,0,,,,,,,,,,,,,367.07557480000105,,,,,,,,367.06163260000176,372.05900140000085,372.0590063999989,372.07563540000046,384.0615676999987,1,inactive,46.8,384.06171480000194,387.3263541000015,54.00000000000002,3.245,,,,,,,,,,,,,,,,,,,,,,,,,,,,,,,,,,,,,,,sub-075,46.8,45.6,47.75,COM3,2026-05-13_13h44.06.592,2024_RDpaindiscrimination_maintask,2023.2.3,59.9736116106852,2026-05-13 13h44.29.812704 -0400,
0,0,0,0,10,0,10,0,,,,,,,,,,,,,387.34247790000154,,,,,,,,387.3270521000013,392.32578510000167,392.3257897000003,392.34244359999866,404.326189899999,2,inactive,46.8,404.3263174999993,407.0776446999989,25.49999999999999,2.732,404.35932759999923,,,,,,,,,,,,,,,,,,,,,,,,,,,,,,,,,,,,,,sub-075,46.8,45.6,47.75,COM3,2026-05-13_13h44.06.592,2024_RDpaindiscrimination_maintask,2023.2.3,59.9736116106852,2026-05-13 13h44.29.812704 -0400,
0,0,0,0,11,0,11,0,,,,,,,,,,,,,407.09269850000055,,,,,,,,407.07870019999973,412.0761378999996,412.0761428000005,412.0928727999999,424.07646849999946,3,active,45.6,424.0766087000011,426.6621804999995,8.500000000000025,2.566,424.1095043999994,,,,,,,,,,,,,,,,,,,,,,,,,,,,,,,,,,,,,,sub-075,46.8,45.6,47.75,COM3,2026-05-13_13h44.06.592,2024_RDpaindiscrimination_maintask,2023.2.3,59.9736116106852,2026-05-13 13h44.29.812704 -0400,
0,0,0,0,12,0,12,0,,,,,,,,,,,,,426.6761622000013,,,,,,,,426.66291080000155,431.65969640000185,431.65970129999914,431.6763150000006,443.6599591999984,0,inactive,46.8,443.6601077000014,447.37796140000137,27.499999999999982,3.698,443.69311540000126,,,,,,,,,,,,,,,,,,,,,,,,,,,,,,,,,,,,,,sub-075,46.8,45.6,47.75,COM3,2026-05-13_13h44.06.592,2024_RDpaindiscrimination_maintask,2023.2.3,59.9736116106852,2026-05-13 13h44.29.812704 -0400,
0,0,0,0,13,0,13,0,,,,,,,,,,,,,447.3930537000015,,,,,,,,447.3786781000017,452.3764669000011,452.3764717999984,452.39309030000004,464.37687089999963,1,inactive,46.8,464.3770132999998,467.5623635000011,71.99999999999983,3.162,464.40996820000146,,,,,,,,,,,,,,,,,,,,,,,,,,,,,,,,,,,,,,sub-075,46.8,45.6,47.75,COM3,2026-05-13_13h44.06.592,2024_RDpaindiscrimination_maintask,2023.2.3,59.9736116106852,2026-05-13 13h44.29.812704 -0400,
0,0,0,0,14,0,14,0,,,,,,,,,,,,,467.5767119000011,,,,,,,,467.5634166999989,472.56014499999947,472.560149500001,472.5767728999999,484.56032219999906,2,active,45.6,484.56045839999933,487.6448715000006,0.0,3.064,484.59349360000124,,,,,,,,,,,,,,,,,,,,,,,,,,,,,,,,,,,,,,sub-075,46.8,45.6,47.75,COM3,2026-05-13_13h44.06.592,2024_RDpaindiscrimination_maintask,2023.2.3,59.9736116106852,2026-05-13 13h44.29.812704 -0400,
0,0,0,0,15,0,15,0,,,,,,,,,,,,,487.6602736999994,,,,,,,,487.6456227000017,492.6436294999985,492.64363389999926,492.6602133000015,504.6441124000012,3,active,45.6,504.6442446000001,508.27810410000166,0.0,3.614,504.6771221000017,,,,,,,,,,,,,,,,,,,,,,,,,,,,,,,,,,,,,,sub-075,46.8,45.6,47.75,COM3,2026-05-13_13h44.06.592,2024_RDpaindiscrimination_maintask,2023.2.3,59.9736116106852,2026-05-13 13h44.29.812704 -0400,
0,0,0,0,,,,,0,0,0,0,0,0,0,0,,,,,532.7274691999992,,,,,,531.6277831000007,532.7108111999987,,,,,,0,active,46.8,549.7109017000002,553.9794822000003,65.99999999999991,4.248,,508.27865530000054,508.2938447999986,531.6274819999999,532.7110562000016,537.7108789000013,537.7108840000001,537.7275116000019,549.7108941000006,,,,,,,,,,,,,,,,,,,,,,,,,,,,,,sub-075,46.8,45.6,47.75,COM3,2026-05-13_13h44.06.592,2024_RDpaindiscrimination_maintask,2023.2.3,59.9736116106852,2026-05-13 13h44.29.812704 -0400,
0,0,0,0,,,,,0,0,0,0,1,0,1,0,,,,,553.9942749000002,,,,,,,,,,,,,1,inactive,46.8,570.9780826999995,573.6301654000017,76.49999999999983,2.632,,,,,553.9801860000007,558.9776725000011,558.9776774999991,558.9943472000014,570.9780754999992,571.0112286000003,,,,,,,,,,,,,,,,,,,,,,,,,,,,,sub-075,46.8,45.6,47.75,COM3,2026-05-13_13h44.06.592,2024_RDpaindiscrimination_maintask,2023.2.3,59.9736116106852,2026-05-13 13h44.29.812704 -0400,
0,0,0,0,,,,,0,0,0,0,,,,,0,0,0,0,576.1446175000019,,,,,,,,,,,,,2,active,,,,,,,,,,,,,,,,573.6304428000003,576.1280146999998,576.1282859999992,581.1279243999998,581.1279299000016,581.1445391999987,589.1280097000017,589.1280097000017,592.0947049999995,592.1280435000008,592.1280435000008,592.1114500000003,4.12,4.68,412,468,8,1.2,0.75,pic-absent,0,m,0.9579962999996496,None,,,,,sub-075,46.8,45.6,47.75,COM3,2026-05-13_13h44.06.592,2024_RDpaindiscrimination_maintask,2023.2.3,59.9736116106852,2026-05-13 13h44.29.812704 -0400,
0,0,0,0,,,,,0,0,0,0,,,,,1,0,1,0,592.1280435000008,,,,,,,,,,,,,3,inactive,,,,,,,,,,,,,,,,,,592.1120169999995,597.1114213000001,597.1114268000019,597.1281425999987,605.1116102000015,605.1116102000015,608.0783067000011,608.1116486999999,608.1116486999999,608.0950478000013,3.37,5.43,337,543,8,1.2,0.75,pic-present,1,n,0.7703978999998071,None,,,,,sub-075,46.8,45.6,47.75,COM3,2026-05-13_13h44.06.592,2024_RDpaindiscrimination_maintask,2023.2.3,59.9736116106852,2026-05-13 13h44.29.812704 -0400,
0,0,0,0,,,,,0,0,0,0,,,,,2,0,2,0,608.1116486999999,,,,,,,,,,,,,0,active,,,,,,,,,,,,,,,,,,608.0955324999995,613.0949655000004,613.0949703000006,613.111611100001,621.0950766999995,621.0950766999995,624.0617243000015,624.0950744000002,624.0950744000002,624.0785050000013,3.31,5.49,331,549,8,1.2,0.75,pic-present,1,n,0.35502299999643583,None,,,,,sub-075,46.8,45.6,47.75,COM3,2026-05-13_13h44.06.592,2024_RDpaindiscrimination_maintask,2023.2.3,59.9736116106852,2026-05-13 13h44.29.812704 -0400,
0,0,0,0,,,,,0,0,0,0,,,,,3,0,3,0,624.0950744000002,,,,,,,,,,,,,1,active,,,,,,,,,,,,,,,,,,624.0789650000006,629.0786098999997,629.0786152000001,629.0952327999985,637.0786418999996,637.0786418999996,640.0452985000011,640.0786320000007,640.0786320000007,640.0620552,3.78,5.02,378,501,8,1.2,0.75,pic-absent,0,m,0.4154000000016822,None,,,,,sub-075,46.8,45.6,47.75,COM3,2026-05-13_13h44.06.592,2024_RDpaindiscrimination_maintask,2023.2.3,59.9736116106852,2026-05-13 13h44.29.812704 -0400,
0,0,0,0,,,,,1,0,1,0,0,0,0,0,,,,,641.0786392000009,,,,,,640.0625193999986,641.0620889999991,,,,,,2,inactive,46.8,658.0621802999995,660.9475033000017,51.49999999999992,2.866,,,,,641.062378999999,646.0620481000005,646.062054500002,646.0786827000011,658.0621725000019,,,,,,,,,,,,,,,,,,,,,,,,,,,,,,sub-075,46.8,45.6,47.75,COM3,2026-05-13_13h44.06.592,2024_RDpaindiscrimination_maintask,2023.2.3,59.9736116106852,2026-05-13 13h44.29.812704 -0400,
0,0,0,0,,,,,1,0,1,0,1,0,1,0,,,,,660.9622415999984,,,,,,,,,,,,,3,active,46.8,677.9458751999991,679.5134953000015,50.000000000000036,1.547,,,,,660.9485012000005,665.9456737,665.9456785000002,665.9623021000007,677.9458674999987,677.9789880999997,,,,,,,,,,,,,,,,,,,,,,,,,,,,,sub-075,46.8,45.6,47.75,COM3,2026-05-13_13h44.06.592,2024_RDpaindiscrimination_maintask,2023.2.3,59.9736116106852,2026-05-13 13h44.29.812704 -0400,
0,0,0,0,,,,,1,0,1,0,,,,,0,0,0,0,681.2790576000007,,,,,,,,,,,,,0,inactive,,,,,,,,,,,,,,,,679.5139397999992,681.262473499999,681.2627687999993,686.2624985000002,686.2625047000001,686.2791563999999,694.2626354999993,694.2626354999993,697.2293375000008,697.2626592000015,697.2626592000015,697.2460581999985,4.61,4.19,461,419,8,1.2,0.75,pic-absent,0,m,1.2393185000000813,None,,,,,sub-075,46.8,45.6,47.75,COM3,2026-05-13_13h44.06.592,2024_RDpaindiscrimination_maintask,2023.2.3,59.9736116106852,2026-05-13 13h44.29.812704 -0400,
0,0,0,0,,,,,1,0,1,0,,,,,1,0,1,0,697.2626592000015,,,,,,,,,,,,,1,active,,,,,,,,,,,,,,,,,,697.2465566999999,702.2460987999984,702.2461045000018,702.2627217000008,710.2460484000003,710.2460484000003,713.212754799999,713.246085499999,713.246085499999,713.2294819000017,3.78,5.02,378,501,8,1.2,0.75,pic-present,1,n,0.32790680000107386,None,,,,,sub-075,46.8,45.6,47.75,COM3,2026-05-13_13h44.06.592,2024_RDpaindiscrimination_maintask,2023.2.3,59.9736116106852,2026-05-13 13h44.29.812704 -0400,
0,0,0,0,,,,,1,0,1,0,,,,,2,0,2,0,713.246085499999,,,,,,,,,,,,,2,active,,,,,,,,,,,,,,,,,,713.2299330999995,718.2294848999991,718.2294898,718.2462277999985,726.2296563999989,726.2296563999989,729.1963546000006,729.2296938,729.2296938,729.2130877999989,4.74,4.06,474,405,8,1.2,0.75,pic-absent,0,m,1.3802319999995234,None,,,,,sub-075,46.8,45.6,47.75,COM3,2026-05-13_13h44.06.592,2024_RDpaindiscrimination_maintask,2023.2.3,59.9736116106852,2026-05-13 13h44.29.812704 -0400,
0,0,0,0,,,,,1,0,1,0,,,,,3,0,3,0,729.2296938,,,,,,,,,,,,,3,inactive,,,,,,,,,,,,,,,,,,729.2135110999989,734.2131274999992,734.2131332999998,734.2297519999993,742.2131240000017,742.2131240000017,745.1797838999992,745.2131012999998,745.2131012999998,745.1964708999985,4.02,4.78,401,478,8,1.2,0.75,pic-absent,0,m,0.5728074000035122,None,,,,,sub-075,46.8,45.6,47.75,COM3,2026-05-13_13h44.06.592,2024_RDpaindiscrimination_maintask,2023.2.3,59.9736116106852,2026-05-13 13h44.29.812704 -0400,
0,0,0,0,,,,,2,0,2,0,0,0,0,0,,,,,746.3964362000006,,,,,,745.1969395999986,746.3798471000009,,,,,,0,active,46.8,763.3801123000012,766.6661129999993,63.49999999999986,3.267,,,,,746.3801439999988,751.3799201000002,751.3799251000019,751.3965661000002,763.3801053999996,,,,,,,,,,,,,,,,,,,,,,,,,,,,,,sub-075,46.8,45.6,47.75,COM3,2026-05-13_13h44.06.592,2024_RDpaindiscrimination_maintask,2023.2.3,59.9736116106852,2026-05-13 13h44.29.812704 -0400,
0,0,0,0,,,,,2,0,2,0,1,0,1,0,,,,,766.6801058000019,,,,,,,,,,,,,1,inactive,46.8,783.6637405000001,786.6143985999988,67.49999999999984,2.931,,,,,766.6671606000018,771.6634319000004,771.6634376000002,771.6800893,783.6637327999997,783.6968815,,,,,,,,,,,,,,,,,,,,,,,,,,,,,sub-075,46.8,45.6,47.75,COM3,2026-05-13_13h44.06.592,2024_RDpaindiscrimination_maintask,2023.2.3,59.9736116106852,2026-05-13 13h44.29.812704 -0400,
0,0,0,0,,,,,2,0,2,0,,,,,0,0,0,0,788.2136032000017,,,,,,,,,,,,,2,active,,,,,,,,,,,,,,,,786.6150402999992,788.1970361999993,788.1973316000003,793.1971345999991,793.197140100001,793.2137131000018,801.1971599999997,801.1971599999997,804.1638289000002,804.1972128000016,804.1972128000016,804.1806050999985,3.96,4.84,396,484,8,1.2,0.75,pic-present,1,n,0.34076679999998305,None,,,,,sub-075,46.8,45.6,47.75,COM3,2026-05-13_13h44.06.592,2024_RDpaindiscrimination_maintask,2023.2.3,59.9736116106852,2026-05-13 13h44.29.812704 -0400,
0,0,0,0,,,,,2,0,2,0,,,,,1,0,1,0,804.1972128000016,,,,,,,,,,,,,3,inactive,,,,,,,,,,,,,,,,,,804.1810856000011,809.1805203000004,809.1805252999984,809.1971749000004,817.180690000001,817.180690000001,820.1473079999996,820.1806041000018,820.1806041000018,820.1640004000001,3.83,4.97,383,497,8,1.2,0.75,pic-absent,1,n,1.121266199999809,None,,,,,sub-075,46.8,45.6,47.75,COM3,2026-05-13_13h44.06.592,2024_RDpaindiscrimination_maintask,2023.2.3,59.9736116106852,2026-05-13 13h44.29.812704 -0400,
0,0,0,0,,,,,2,0,2,0,,,,,2,0,2,0,820.1806041000018,,,,,,,,,,,,,0,inactive,,,,,,,,,,,,,,,,,,820.164510300001,825.1641721999986,825.164177300001,825.1807848999997,833.1641979000015,833.1641979000015,836.1309082000007,836.164237500001,836.164237500001,836.1476355000013,3.32,5.48,332,548,8,1.2,0.75,pic-absent,1,n,0.49769169999854057,None,,,,,sub-075,46.8,45.6,47.75,COM3,2026-05-13_13h44.06.592,2024_RDpaindiscrimination_maintask,2023.2.3,59.9736116106852,2026-05-13 13h44.29.812704 -0400,
0,0,0,0,,,,,2,0,2,0,,,,,3,0,3,0,836.164237500001,,,,,,,,,,,,,1,active,,,,,,,,,,,,,,,,,,836.1481123999984,841.1476746000008,841.1476796999996,841.1643135999984,849.147721100002,849.147721100002,852.114368999999,852.1476727000008,852.1476727000008,852.1310712999984,3.69,5.11,369,511,8,1.2,0.75,pic-present,1,n,0.4301684000020032,None,,,,,sub-075,46.8,45.6,47.75,COM3,2026-05-13_13h44.06.592,2024_RDpaindiscrimination_maintask,2023.2.3,59.9736116106852,2026-05-13 13h44.29.812704 -0400,
0,0,0,0,,,,,3,0,3,0,0,0,0,0,,,,,853.7476824000005,,,,,,852.1315142999993,853.7310890000008,,,,,,2,inactive,46.8,870.7313280000017,872.6489880000008,50.49999999999993,1.854,,,,,853.7313824000012,858.7312104000011,858.7312156000007,858.7478707000009,870.731319999999,,,,,,,,,,,,,,,,,,,,,,,,,,,,,,sub-075,46.8,45.6,47.75,COM3,2026-05-13_13h44.06.592,2024_RDpaindiscrimination_maintask,2023.2.3,59.9736116106852,2026-05-13 13h44.29.812704 -0400,
0,0,0,0,,,,,3,0,3,0,1,0,1,0,,,,,872.6645618000002,,,,,,,,,,,,,3,active,46.8,889.6483119000004,892.133830499999,42.5,2.466,,,,,872.6499844999998,877.6479688,877.6479738000016,877.6647174999998,889.6483039999985,889.6818410000014,,,,,,,,,,,,,,,,,,,,,,,,,,,,,sub-075,46.8,45.6,47.75,COM3,2026-05-13_13h44.06.592,2024_RDpaindiscrimination_maintask,2023.2.3,59.9736116106852,2026-05-13 13h44.29.812704 -0400,
0,0,0,0,,,,,3,0,3,0,,,,,0,0,0,0,893.5482198999998,,,,,,,,,,,,,0,inactive,,,,,,,,,,,,,,,,892.1343162000012,893.5316267000017,893.5318962999991,898.5316536999999,898.5316590000002,898.5482900999996,906.5316148999991,906.5316148999991,909.4982837999996,909.5316181000017,909.5316181000017,909.5150500000018,3.76,5.04,376,504,8,1.2,0.75,pic-present,1,n,0.5182853999976942,None,,,,,sub-075,46.8,45.6,47.75,COM3,2026-05-13_13h44.06.592,2024_RDpaindiscrimination_maintask,2023.2.3,59.9736116106852,2026-05-13 13h44.29.812704 -0400,
0,0,0,0,,,,,3,0,3,0,,,,,1,0,1,0,909.5316181000017,,,,,,,,,,,,,1,active,,,,,,,,,,,,,,,,,,909.5155491000005,914.515054800002,914.5150603000002,914.5317719000013,922.5152186000014,922.5152186000014,925.4819339999995,925.5152596000007,925.5152596000007,925.4986567000014,4.41,4.39,441,438,8,1.2,0.75,pic-absent,0,m,0.41858870000214665,None,,,,,sub-075,46.8,45.6,47.75,COM3,2026-05-13_13h44.06.592,2024_RDpaindiscrimination_maintask,2023.2.3,59.9736116106852,2026-05-13 13h44.29.812704 -0400,
0,0,0,0,,,,,3,0,3,0,,,,,2,0,2,0,925.5152596000007,,,,,,,,,,,,,2,inactive,,,,,,,,,,,,,,,,,,925.4991464999985,930.498865900001,930.4988712999984,930.5154030999984,938.4986156000014,938.4986156000014,941.4653467999997,941.4986872000009,941.4986872000009,941.4820838000014,4.31,4.49,430,449,8,1.2,0.75,pic-present,1,n,0.3552646999996796,None,,,,,sub-075,46.8,45.6,47.75,COM3,2026-05-13_13h44.06.592,2024_RDpaindiscrimination_maintask,2023.2.3,59.9736116106852,2026-05-13 13h44.29.812704 -0400,
0,0,0,0,,,,,3,0,3,0,,,,,3,0,3,0,941.4986872000009,,,,,,,,,,,,,3,inactive,,,,,,,,,,,,,,,,,,941.4825031,946.4821196000012,946.4821249000015,946.4987619999993,954.4822602999993,954.4822602999993,957.4489603000002,957.4821756999991,957.4821756999991,957.4656839999989,3.52,5.28,352,528,8,1.2,0.75,pic-present,1,n,0.31961389999923995,None,,,,,sub-075,46.8,45.6,47.75,COM3,2026-05-13_13h44.06.592,2024_RDpaindiscrimination_maintask,2023.2.3,59.9736116106852,2026-05-13 13h44.29.812704 -0400,
1,0,1,0,0,0,0,0,,,,,,,,,,,,,975.7324044999987,,,,965.4157689999993,975.0991031999984,975.0991102000007,975.7157737000016,975.7160592,980.7159047999994,980.7159095999996,980.732512999999,992.7160031999992,0,inactive,46.8,992.7162011,995.9172934000017,29.500000000000046,3.178,,,,,,,,,,,,,,,,,,,,,,,,,,,,,,,,,,,957.4661722000019,965.4156604999989,,,sub-075,46.8,45.6,47.75,COM3,2026-05-13_13h44.06.592,2024_RDpaindiscrimination_maintask,2023.2.3,59.9736116106852,2026-05-13 13h44.29.812704 -0400,
1,0,1,0,1,0,1,0,,,,,,,,,,,,,995.9327086000012,,,,,,,,995.9184800000003,1000.9161702999991,1000.9161754999986,1000.9327083999997,1012.9163503999989,1,active,45.6,1012.9165008000018,1015.7339170999985,8.000000000000167,2.798,1012.9494967999999,,,,,,,,,,,,,,,,,,,,,,,,,,,,,,,,,,,,,,sub-075,46.8,45.6,47.75,COM3,2026-05-13_13h44.06.592,2024_RDpaindiscrimination_maintask,2023.2.3,59.9736116106852,2026-05-13 13h44.29.812704 -0400,
1,0,1,0,2,0,2,0,,,,,,,,,,,,,1015.7496159000002,,,,,,,,1015.734665,1020.7330551000014,1020.7330602000002,1020.7497693000005,1032.733221800001,2,active,45.6,1032.7333666999984,1034.6007572999988,0.0,1.848,1032.7663428999986,,,,,,,,,,,,,,,,,,,,,,,,,,,,,,,,,,,,,,sub-075,46.8,45.6,47.75,COM3,2026-05-13_13h44.06.592,2024_RDpaindiscrimination_maintask,2023.2.3,59.9736116106852,2026-05-13 13h44.29.812704 -0400,
1,0,1,0,3,0,3,0,,,,,,,,,,,,,1034.6165015000006,,,,,,,,1034.6014815999988,1039.5998126999984,1039.5998175999994,1039.616462599999,1051.6001677999993,3,inactive,46.8,1051.6003334999987,1053.9346060999997,28.49999999999997,2.314,1051.6333593000018,,,,,,,,,,,,,,,,,,,,,,,,,,,,,,,,,,,,,,sub-075,46.8,45.6,47.75,COM3,2026-05-13_13h44.06.592,2024_RDpaindiscrimination_maintask,2023.2.3,59.9736116106852,2026-05-13 13h44.29.812704 -0400,
1,0,1,0,4,0,4,0,,,,,,,,,,,,,1053.9500595999998,,,,,,,,1053.935470299999,1058.9334817000017,1058.9334861999996,1058.9501119999986,1070.9338945000018,0,active,45.6,1070.9340395,1074.534737500002,5.000000000000164,3.581,1070.9667812000007,,,,,,,,,,,,,,,,,,,,,,,,,,,,,,,,,,,,,,sub-075,46.8,45.6,47.75,COM3,2026-05-13_13h44.06.592,2024_RDpaindiscrimination_maintask,2023.2.3,59.9736116106852,2026-05-13 13h44.29.812704 -0400,
1,0,1,0,5,0,5,0,,,,,,,,,,,,,1074.5502908000017,,,,,,,,1074.5354755000008,1079.5336356000007,1079.5336406999995,1079.5503559999997,1091.5338865000012,1,inactive,46.8,1091.534031700001,1093.5681369999984,67.49999999999987,2.015,1091.5671519999996,,,,,,,,,,,,,,,,,,,,,,,,,,,,,,,,,,,,,,sub-075,46.8,45.6,47.75,COM3,2026-05-13_13h44.06.592,2024_RDpaindiscrimination_maintask,2023.2.3,59.9736116106852,2026-05-13 13h44.29.812704 -0400,
1,0,1,0,6,0,6,0,,,,,,,,,,,,,1093.583840700001,,,,,,,,1093.5692243999983,1098.5672732999992,1098.5672779999986,1098.5839035999998,1110.5674521,2,active,45.6,1110.5675961000015,1113.3357483,0.0,2.748,1110.6006068999995,,,,,,,,,,,,,,,,,,,,,,,,,,,,,,,,,,,,,,sub-075,46.8,45.6,47.75,COM3,2026-05-13_13h44.06.592,2024_RDpaindiscrimination_maintask,2023.2.3,59.9736116106852,2026-05-13 13h44.29.812704 -0400,
1,0,1,0,7,0,7,0,,,,,,,,,,,,,1113.3506339999985,,,,,,,,1113.3370696999991,1118.3340776000005,1118.334082100002,1118.3507452999984,1130.3344431000005,3,inactive,46.8,1130.334589099999,1133.468583400001,20.500000000000078,3.114,1130.3675860000003,,,,,,,,,,,,,,,,,,,,,,,,,,,,,,,,,,,,,,sub-075,46.8,45.6,47.75,COM3,2026-05-13_13h44.06.592,2024_RDpaindiscrimination_maintask,2023.2.3,59.9736116106852,2026-05-13 13h44.29.812704 -0400,
1,0,1,0,8,0,8,0,,,,,,,,,,,,,1133.4841952999996,,,,,,,,1133.4696685000017,1138.4676098000018,1138.4676142999997,1138.4842687000018,1150.4680253000006,0,inactive,46.8,1150.468171299999,1154.6693331999995,16.500000000000174,4.182,1150.5011419000002,,,,,,,,,,,,,,,,,,,,,,,,,,,,,,,,,,,,,,sub-075,46.8,45.6,47.75,COM3,2026-05-13_13h44.06.592,2024_RDpaindiscrimination_maintask,2023.2.3,59.9736116106852,2026-05-13 13h44.29.812704 -0400,
1,0,1,0,9,0,9,0,,,,,,,,,,,,,1154.6845490000014,,,,,,,,1154.6698112999984,1159.667846100001,1159.6678509000012,1159.6845944000015,1171.6682404999992,1,active,45.6,1171.6683808000016,1174.6037590999986,7.499999999999998,2.915,1171.7012601999995,,,,,,,,,,,,,,,,,,,,,,,,,,,,,,,,,,,,,,sub-075,46.8,45.6,47.75,COM3,2026-05-13_13h44.06.592,2024_RDpaindiscrimination_maintask,2023.2.3,59.9736116106852,2026-05-13 13h44.29.812704 -0400,
1,0,1,0,10,0,10,0,,,,,,,,,,,,,1174.6180166999984,,,,,,,,1174.6048265999998,1179.6014426000002,1179.6014476000018,1179.6181199999992,1191.6017778999994,2,inactive,46.8,1191.6019086999986,1193.6705255999987,7.50000000000006,2.049,1191.6349517000017,,,,,,,,,,,,,,,,,,,,,,,,,,,,,,,,,,,,,,sub-075,46.8,45.6,47.75,COM3,2026-05-13_13h44.06.592,2024_RDpaindiscrimination_maintask,2023.2.3,59.9736116106852,2026-05-13 13h44.29.812704 -0400,
1,0,1,0,11,0,11,0,,,,,,,,,,,,,1193.6848946999999,,,,,,,,1193.6712522000016,1198.6683080000003,1198.668312400001,1198.6849554,1210.6686098999999,3,active,45.6,1210.6687533000004,1213.6868630999998,0.0,2.998,1210.7017573000012,,,,,,,,,,,,,,,,,,,,,,,,,,,,,,,,,,,,,,sub-075,46.8,45.6,47.75,COM3,2026-05-13_13h44.06.592,2024_RDpaindiscrimination_maintask,2023.2.3,59.9736116106852,2026-05-13 13h44.29.812704 -0400,
1,0,1,0,12,0,12,0,,,,,,,,,,,,,1213.7018755999998,,,,,,,,1213.6879265999996,1218.6853083999995,1218.6853136999998,1218.7019498000009,1230.6855165000015,0,active,45.6,1230.6856531999983,1233.253508599999,4.500000000000129,2.548,1230.7186316000007,,,,,,,,,,,,,,,,,,,,,,,,,,,,,,,,,,,,,,sub-075,46.8,45.6,47.75,COM3,2026-05-13_13h44.06.592,2024_RDpaindiscrimination_maintask,2023.2.3,59.9736116106852,2026-05-13 13h44.29.812704 -0400,
1,0,1,0,13,0,13,0,,,,,,,,,,,,,1233.2686701999992,,,,,,,,1233.2545701999989,1238.2521191000014,1238.2521238000008,1238.2687308999994,1250.2524367000005,1,inactive,46.8,1250.2525806999984,1253.7382461000016,75.50000000000001,3.466,1250.285504899999,,,,,,,,,,,,,,,,,,,,,,,,,,,,,,,,,,,,,,sub-075,46.8,45.6,47.75,COM3,2026-05-13_13h44.06.592,2024_RDpaindiscrimination_maintask,2023.2.3,59.9736116106852,2026-05-13 13h44.29.812704 -0400,
1,0,1,0,14,0,14,0,,,,,,,,,,,,,1253.7523253,,,,,,,,1253.7393546999992,1258.7357712000012,1258.7357764000008,1258.7523870000005,1270.7360274999992,2,inactive,46.8,1270.7361798999991,1273.2380077000016,58.49999999999997,2.482,1270.7691089,,,,,,,,,,,,,,,,,,,,,,,,,,,,,,,,,,,,,,sub-075,46.8,45.6,47.75,COM3,2026-05-13_13h44.06.592,2024_RDpaindiscrimination_maintask,2023.2.3,59.9736116106852,2026-05-13 13h44.29.812704 -0400,
1,0,1,0,15,0,15,0,,,,,,,,,,,,,1273.2524655000016,,,,,,,,1273.2390704999998,1278.2359018999996,1278.235906599999,1278.2525668000017,1290.2363502000007,3,active,45.6,1290.2365065000013,1293.220107699999,3.5000000000000937,2.964,1290.2695428000006,,,,,,,,,,,,,,,,,,,,,,,,,,,,,,,,,,,,,,sub-075,46.8,45.6,47.75,COM3,2026-05-13_13h44.06.592,2024_RDpaindiscrimination_maintask,2023.2.3,59.9736116106852,2026-05-13 13h44.29.812704 -0400,
1,0,1,0,,,,,0,0,0,0,0,0,0,0,,,,,1296.6026954000008,,,,,,1295.486461200002,1296.5860882999987,,,,,,0,inactive,46.8,1313.5862897000006,1315.2037181000014,67.4999999999999,1.551,,1293.2208281999992,1293.2360625000001,1295.4861292999994,1296.5863476999984,1301.5861284999992,1301.5861342999997,1301.6028995000015,1313.586282100001,,,,,,,,,,,,,,,,,,,,,,,,,,,,,,sub-075,46.8,45.6,47.75,COM3,2026-05-13_13h44.06.592,2024_RDpaindiscrimination_maintask,2023.2.3,59.9736116106852,2026-05-13 13h44.29.812704 -0400,
1,0,1,0,,,,,0,0,0,0,1,0,1,0,,,,,1315.2196231000016,,,,,,,,,,,,,1,active,46.8,1332.2033161,1335.5379844000017,39.99999999999993,3.315,,,,,1315.2043612000016,1320.2030841999986,1320.203089499999,1320.2197575999999,1332.2033087000018,1332.2364278999994,,,,,,,,,,,,,,,,,,,,,,,,,,,,,sub-075,46.8,45.6,47.75,COM3,2026-05-13_13h44.06.592,2024_RDpaindiscrimination_maintask,2023.2.3,59.9736116106852,2026-05-13 13h44.29.812704 -0400,
1,0,1,0,,,,,0,0,0,0,,,,,0,0,0,0,1336.7532304000015,,,,,,,,,,,,,2,inactive,,,,,,,,,,,,,,,,1335.538464000001,1336.7366573,1336.736957000001,1341.736675799999,1341.7366810999993,1341.7532922999999,1349.7367605,1349.7367605,1352.7034021,1352.7367464999988,1352.7367464999988,1352.720164800001,3.75,5.05,375,505,8,1.2,0.75,pic-absent,0,m,0.4009374999986903,None,,,,,sub-075,46.8,45.6,47.75,COM3,2026-05-13_13h44.06.592,2024_RDpaindiscrimination_maintask,2023.2.3,59.9736116106852,2026-05-13 13h44.29.812704 -0400,
1,0,1,0,,,,,0,0,0,0,,,,,1,0,1,0,1352.7367464999988,,,,,,,,,,,,,3,active,,,,,,,,,,,,,,,,,,1352.720666000001,1357.720228000002,1357.7202333999994,1357.7368540999996,1365.7201539000016,1365.7201539000016,1368.6868490999987,1368.7202222999986,1368.7202222999986,1368.7035837000003,3.56,5.24,356,524,8,1.2,0.75,pic-present,1,n,0.35362699999677716,None,,,,,sub-075,46.8,45.6,47.75,COM3,2026-05-13_13h44.06.592,2024_RDpaindiscrimination_maintask,2023.2.3,59.9736116106852,2026-05-13 13h44.29.812704 -0400,
1,0,1,0,,,,,0,0,0,0,,,,,2,0,2,0,1368.7202222999986,,,,,,,,,,,,,0,inactive,,,,,,,,,,,,,,,,,,1368.7040221999996,1373.7036587000002,1373.7036635000004,1373.7203225000012,1381.7037918999995,1381.7037918999995,1384.670496300001,1384.703829099999,1384.703829099999,1384.6872306000005,3.7,5.1,370,509,8,1.2,0.75,pic-absent,0,m,0.5499119999985851,None,,,,,sub-075,46.8,45.6,47.75,COM3,2026-05-13_13h44.06.592,2024_RDpaindiscrimination_maintask,2023.2.3,59.9736116106852,2026-05-13 13h44.29.812704 -0400,
1,0,1,0,,,,,0,0,0,0,,,,,3,0,3,0,1384.703829099999,,,,,,,,,,,,,1,active,,,,,,,,,,,,,,,,,,1384.6876974000006,1389.6872139000006,1389.6872197000012,1389.7038897999992,1397.6871782999988,1397.6871782999988,1400.6539537999997,1400.687249900002,1400.687249900002,1400.6706430000013,4.28,4.52,428,451,8,1.2,0.75,pic-absent,0,m,0.41457960000116145,None,,,,,sub-075,46.8,45.6,47.75,COM3,2026-05-13_13h44.06.592,2024_RDpaindiscrimination_maintask,2023.2.3,59.9736116106852,2026-05-13 13h44.29.812704 -0400,
1,0,1,0,,,,,1,0,1,0,0,0,0,0,,,,,1401.8039274000002,,,,,,1400.6710843,1401.7873741000003,,,,,,2,active,46.8,1418.7875356000004,1421.9563780999997,22.499999999999993,3.149,,,,,1401.7876498000005,1406.7873865000001,1406.7873919999984,1406.8040346999987,1418.7875276000013,,,,,,,,,,,,,,,,,,,,,,,,,,,,,,sub-075,46.8,45.6,47.75,COM3,2026-05-13_13h44.06.592,2024_RDpaindiscrimination_maintask,2023.2.3,59.9736116106852,2026-05-13 13h44.29.812704 -0400,
1,0,1,0,,,,,1,0,1,0,1,0,1,0,,,,,1421.9709184999992,,,,,,,,,,,,,3,inactive,46.8,1438.9546674000012,1441.556274999999,52.5000000000001,2.582,,,,,1421.9573846999992,1426.9543503999994,1426.9543556999997,1426.970975799999,1438.9546609999998,1438.9877734000002,,,,,,,,,,,,,,,,,,,,,,,,,,,,,sub-075,46.8,45.6,47.75,COM3,2026-05-13_13h44.06.592,2024_RDpaindiscrimination_maintask,2023.2.3,59.9736116106852,2026-05-13 13h44.29.812704 -0400,
1,0,1,0,,,,,1,0,1,0,,,,,0,0,0,0,1443.0378206999994,,,,,,,,,,,,,0,inactive,,,,,,,,,,,,,,,,1441.5567513999995,1443.0212279000007,1443.0214901,1448.0212627,1448.021267799999,1448.0378686000004,1456.0213153000004,1456.0213153000004,1458.9880058999988,1459.0212543999987,1459.0212543999987,1459.0047371,4.49,4.31,449,430,8,1.2,0.75,pic-present,0,m,0.4243949999981851,None,,,,,sub-075,46.8,45.6,47.75,COM3,2026-05-13_13h44.06.592,2024_RDpaindiscrimination_maintask,2023.2.3,59.9736116106852,2026-05-13 13h44.29.812704 -0400,
1,0,1,0,,,,,1,0,1,0,,,,,1,0,1,0,1459.0212543999987,,,,,,,,,,,,,1,inactive,,,,,,,,,,,,,,,,,,1459.0052321000003,1464.0046862000017,1464.0046917,1464.021297899999,1472.0048247999985,1472.0048247999985,1474.971429000001,1475.0047610000001,1475.0047610000001,1474.9882122999988,4.11,4.69,411,469,8,1.2,0.75,pic-present,1,n,0.46084440000049653,None,,,,,sub-075,46.8,45.6,47.75,COM3,2026-05-13_13h44.06.592,2024_RDpaindiscrimination_maintask,2023.2.3,59.9736116106852,2026-05-13 13h44.29.812704 -0400,
1,0,1,0,,,,,1,0,1,0,,,,,2,0,2,0,1475.0047610000001,,,,,,,,,,,,,2,active,,,,,,,,,,,,,,,,,,1474.9886497000007,1479.9882416,1479.9882474000005,1480.0050373999984,1487.9882432999984,1487.9882432999984,1490.9549727999984,1490.9883708000016,1490.9883708000016,1490.9717229999987,4.32,4.48,432,448,8,1.2,0.75,pic-absent,0,m,1.15734220000013,None,,,,,sub-075,46.8,45.6,47.75,COM3,2026-05-13_13h44.06.592,2024_RDpaindiscrimination_maintask,2023.2.3,59.9736116106852,2026-05-13 13h44.29.812704 -0400,
1,0,1,0,,,,,1,0,1,0,,,,,3,0,3,0,1490.9883708000016,,,,,,,,,,,,,3,inactive,,,,,,,,,,,,,,,,,,1490.9721639999989,1495.9717654999986,1495.9717713999999,1495.9884273999996,1503.9718552000013,1503.9718552000013,1506.9384600000012,1506.971790399999,1506.971790399999,1506.9552250000015,3.57,5.23,357,523,8,1.2,0.75,pic-present,0,m,0.3218985999992583,None,,,,,sub-075,46.8,45.6,47.75,COM3,2026-05-13_13h44.06.592,2024_RDpaindiscrimination_maintask,2023.2.3,59.9736116106852,2026-05-13 13h44.29.812704 -0400,
1,0,1,0,,,,,2,0,2,0,0,0,0,0,,,,,1507.9218122999991,,,,,,1506.9556951999984,1507.9052522999991,,,,,,0,active,46.8,1524.9053596999984,1528.0230460999992,35.500000000000156,3.098,,,,,1507.905509100001,1512.905290300001,1512.9052956000014,1512.921961600001,1524.9053520999987,,,,,,,,,,,,,,,,,,,,,,,,,,,,,,sub-075,46.8,45.6,47.75,COM3,2026-05-13_13h44.06.592,2024_RDpaindiscrimination_maintask,2023.2.3,59.9736116106852,2026-05-13 13h44.29.812704 -0400,
1,0,1,0,,,,,2,0,2,0,1,0,1,0,,,,,1528.038713599999,,,,,,,,,,,,,1,inactive,46.8,1545.0224095999984,1547.1402061000008,45.49999999999994,2.098,,,,,1528.0237406999986,1533.0221187999996,1533.0221241,1533.038726499999,1545.0224008000005,1545.0556128999997,,,,,,,,,,,,,,,,,,,,,,,,,,,,,sub-075,46.8,45.6,47.75,COM3,2026-05-13_13h44.06.592,2024_RDpaindiscrimination_maintask,2023.2.3,59.9736116106852,2026-05-13 13h44.29.812704 -0400,
1,0,1,0,,,,,2,0,2,0,,,,,0,0,0,0,1548.4890384999999,,,,,,,,,,,,,2,active,,,,,,,,,,,,,,,,1547.1408474000018,1548.4724290999984,1548.4727110999993,1553.4724099000014,1553.4724146000008,1553.4890876999998,1561.4724062999994,1561.4724062999994,1564.4391149000003,1564.4724165000007,1564.4724165000007,1564.4558199999992,3.66,5.14,366,514,8,1.2,0.75,pic-present,1,n,0.6411079000026803,None,,,,,sub-075,46.8,45.6,47.75,COM3,2026-05-13_13h44.06.592,2024_RDpaindiscrimination_maintask,2023.2.3,59.9736116106852,2026-05-13 13h44.29.812704 -0400,
1,0,1,0,,,,,2,0,2,0,,,,,1,0,1,0,1564.4724165000007,,,,,,,,,,,,,3,active,,,,,,,,,,,,,,,,,,1564.456296799999,1569.455853200001,1569.4558586999992,1569.4724956999999,1577.4559412999988,1577.4559412999988,1580.4227285000015,1580.4560571000002,1580.4560571000002,1580.439463300001,3.29,5.51,329,551,8,1.2,0.75,pic-absent,0,m,0.4739092999989225,None,,,,,sub-075,46.8,45.6,47.75,COM3,2026-05-13_13h44.06.592,2024_RDpaindiscrimination_maintask,2023.2.3,59.9736116106852,2026-05-13 13h44.29.812704 -0400,
1,0,1,0,,,,,2,0,2,0,,,,,2,0,2,0,1580.4560571000002,,,,,,,,,,,,,0,inactive,,,,,,,,,,,,,,,,,,1580.4399301999983,1585.4394565000002,1585.4394618000006,1585.456115500001,1593.4394127999985,1593.4394127999985,1596.4061518999988,1596.4394518000008,1596.4394518000008,1596.4228479000012,4.39,4.41,438,441,8,1.2,0.75,pic-present,1,n,0.3941973000000871,None,,,,,sub-075,46.8,45.6,47.75,COM3,2026-05-13_13h44.06.592,2024_RDpaindiscrimination_maintask,2023.2.3,59.9736116106852,2026-05-13 13h44.29.812704 -0400,
1,0,1,0,,,,,2,0,2,0,,,,,3,0,3,0,1596.4394518000008,,,,,,,,,,,,,1,active,,,,,,,,,,,,,,,,,,1596.4232694999992,1601.4229435999987,1601.4229484999996,1601.4395876000017,1609.423055700001,1609.423055700001,1612.3897676000015,1612.4231164000012,1612.4231164000012,1612.4064906999993,4.15,4.65,415,465,8,1.2,0.75,pic-present,1,n,0.3945821999986947,None,,,,,sub-075,46.8,45.6,47.75,COM3,2026-05-13_13h44.06.592,2024_RDpaindiscrimination_maintask,2023.2.3,59.9736116106852,2026-05-13 13h44.29.812704 -0400,
1,0,1,0,,,,,3,0,3,0,0,0,0,0,,,,,1613.9730659999987,,,,,,1612.4069338000008,1613.9564523000008,,,,,,2,inactive,46.8,1630.9565755000003,1633.3090348000005,37.000000000000085,2.333,,,,,1613.9567447000009,1618.9564591999988,1618.9564656000002,1618.9731271000019,1630.9565681999993,,,,,,,,,,,,,,,,,,,,,,,,,,,,,,sub-075,46.8,45.6,47.75,COM3,2026-05-13_13h44.06.592,2024_RDpaindiscrimination_maintask,2023.2.3,59.9736116106852,2026-05-13 13h44.29.812704 -0400,
1,0,1,0,,,,,3,0,3,0,1,0,1,0,,,,,1633.3232371000013,,,,,,,,,,,,,3,active,46.8,1650.307061200001,1653.9085159999995,8.500000000000203,3.582,,,,,1633.3102273000004,1638.3066419999996,1638.3066478,1638.3233093000017,1650.3070537999993,1650.3401869000008,,,,,,,,,,,,,,,,,,,,,,,,,,,,,sub-075,46.8,45.6,47.75,COM3,2026-05-13_13h44.06.592,2024_RDpaindiscrimination_maintask,2023.2.3,59.9736116106852,2026-05-13 13h44.29.812704 -0400,
1,0,1,0,,,,,3,0,3,0,,,,,0,0,0,0,1655.0734502000014,,,,,,,,,,,,,0,active,,,,,,,,,,,,,,,,1653.9091599999992,1655.056853099999,1655.0571252000009,1660.0568903999992,1660.056896099999,1660.0736461000015,1668.0569667000018,1668.0569667000018,1671.0237659999984,1671.0570922000006,1671.0570922000006,1671.040492,4.56,4.24,455,424,8,1.2,0.75,pic-absent,0,m,0.7527607000010903,None,,,,,sub-075,46.8,45.6,47.75,COM3,2026-05-13_13h44.06.592,2024_RDpaindiscrimination_maintask,2023.2.3,59.9736116106852,2026-05-13 13h44.29.812704 -0400,
1,0,1,0,,,,,3,0,3,0,,,,,1,0,1,0,1671.0570922000006,,,,,,,,,,,,,1,inactive,,,,,,,,,,,,,,,,,,1671.041025999999,1676.0405333999988,1676.0405386999992,1676.057149700002,1684.0405701000018,1684.0405701000018,1687.0072739999996,1687.0406076,1687.0406076,1687.0239895000013,4.61,4.19,461,419,8,1.2,0.75,pic-absent,1,n,0.8450489999995625,None,,,,,sub-075,46.8,45.6,47.75,COM3,2026-05-13_13h44.06.592,2024_RDpaindiscrimination_maintask,2023.2.3,59.9736116106852,2026-05-13 13h44.29.812704 -0400,
1,0,1,0,,,,,3,0,3,0,,,,,2,0,2,0,1687.0406076,,,,,,,,,,,,,2,active,,,,,,,,,,,,,,,,,,1687.024438299999,1692.0239016000014,1692.0239075999998,1692.0405385000013,1700.0240230999989,1700.0240230999989,1702.9907153999993,1703.0240353000008,1703.0240353000008,1703.0074513,3.63,5.17,363,517,8,1.2,0.75,pic-present,1,n,1.053580800002237,None,,,,,sub-075,46.8,45.6,47.75,COM3,2026-05-13_13h44.06.592,2024_RDpaindiscrimination_maintask,2023.2.3,59.9736116106852,2026-05-13 13h44.29.812704 -0400,
1,0,1,0,,,,,3,0,3,0,,,,,3,0,3,0,1703.0240353000008,,,,,,,,,,,,,3,inactive,,,,,,,,,,,,,,,,,,1703.007909,1708.0075657999987,1708.0075714999984,1708.0241709000002,1716.0075957000008,1716.0075957000008,1718.9743034999992,1719.007639200001,1719.007639200001,1718.9910421999994,4.39,4.41,438,441,8,1.2,0.75,pic-absent,0,m,1.8659585000023071,None,,,,,sub-075,46.8,45.6,47.75,COM3,2026-05-13_13h44.06.592,2024_RDpaindiscrimination_maintask,2023.2.3,59.9736116106852,2026-05-13 13h44.29.812704 -0400,
,,,,,,,,,,,,,,,,,,,,,,,,,,,,,,,,,,,,,,,,,,,,,,,,,,,,,,,,,,,,,,,,,,,,,,,,,,1718.9914680000002,1721.0744153999985,1721.0744311999988,1731.0743573,,,,,,,,,,,
