,trial_00,trial_01,trial_02,trial_03,trial_04,trial_05,trial_06,trial_07,trial_08,trial_09,trial_10,trial_11,trial_12,trial_13,trial_14,trial_15
sub-001,active_0,inactive_1,inactive_2,active_3,inactive_0,active_1,active_2,inactive_3,inactive_0,active_1,active_2,inactive_3,active_0,inactive_1,inactive_2,active_3
sub-002,active_0,inactive_1,inactive_2,active_3,inactive_0,active_1,active_2,inactive_3,inactive_0,active_1,active_2,inactive_3,inactive_0,active_1,active_2,inactive_3
sub-003,active_0,inactive_1,inactive_2,active_3,active_0,inactive_1,inactive_2,active_3,inactive_0,active_1,active_2,inactive_3,active_0,inactive_1,inactive_2,active_3
sub-004,active_0,inactive_1,inactive_2,active_3,active_0,inactive_1,inactive_2,active_3,inactive_0,active_1,active_2,inactive_3,inactive_0,active_1,active_2,inactive_3
sub-005,inactive_0,active_1,active_2,inactive_3,active_0,inactive_1,inactive_2,active_3,active_0,inactive_1,inactive_2,active_3,inactive_0,active_1,active_2,inactive_3
sub-006,inactive_0,active_1,active_2,inactive_3,active_0,inactive_1,inactive_2,active_3,active_0,inactive_1,inactive_2,active_3,active_0,inactive_1,inactive_2,active_3
sub-007,inactive_0,active_1,active_2,inactive_3,inactive_0,active_1,active_2,inactive_3,active_0,inactive_1,inactive_2,active_3,inactive_0,active_1,active_2,inactive_3
sub-008,inactive_0,active_1,active_2,inactive_3,inactive_0,active_1,active_2,inactive_3,active_0,inactive_1,inactive_2,active_3,active_0,inactive_1,inactive_2,active_3
sub-009,active_0,inactive_1,inactive_2,active_3,inactive_0,active_1,active_2,inactive_3,inactive_0,active_1,active_2,inactive_3,active_0,inactive_1,inactive_2,active_3
sub-010,active_0,inactive_1,inactive_2,active_3,inactive_0,active_1,active_2,inactive_3,inactive_0,active_1,active_2,inactive_3,inactive_0,active_1,active_2,inactive_3
sub-011,active_0,inactive_1,inactive_2,active_3,active_0,inactive_1,inactive_2,active_3,inactive_0,active_1,active_2,inactive_3,active_0,inactive_1,inactive_2,active_3
sub-012,active_0,inactive_1,inactive_2,active_3,active_0,inactive_1,inactive_2,active_3,inactive_0,active_1,active_2,inactive_3,inactive_0,active_1,active_2,inactive_3
sub-013,inactive_0,active_1,active_2,inactive_3,active_0,inactive_1,inactive_2,active_3,active_0,inactive_1,inactive_2,active_3,inactive_0,active_1,active_2,inactive_3
sub-014,inactive_0,active_1,active_2,inactive_3,active_0,inactive_1,inactive_2,active_3,active_0,inactive_1,inactive_2,active_3,active_0,inactive_1,inactive_2,active_3
sub-015,inactive_0,active_1,active_2,inactive_3,inactive_0,active_1,active_2,inactive_3,active_0,inactive_1,inactive_2,active_3,inactive_0,active_1,active_2,inactive_3
sub-016,inactive_0,active_1,active_2,inactive_3,inactive_0,active_1,active_2,inactive_3,active_0,inactive_1,inactive_2,active_3,active_0,inactive_1,inactive_2,active_3
sub-017,active_0,inactive_1,inactive_2,active_3,inactive_0,active_1,active_2,inactive_3,inactive_0,active_1,active_2,inactive_3,active_0,inactive_1,inactive_2,active_3
sub-018,active_0,inactive_1,inactive_2,active_3,inactive_0,active_1,active_2,inactive_3,inactive_0,active_1,active_2,inactive_3,inactive_0,active_1,active_2,inactive_3
sub-019,active_0,inactive_1,inactive_2,active_3,active_0,inactive_1,inactive_2,active_3,inactive_0,active_1,active_2,inactive_3,active_0,inactive_1,inactive_2,active_3
sub-020,active_0,inactive_1,inactive_2,active_3,active_0,inactive_1,inactive_2,active_3,inactive_0,active_1,active_2,inactive_3,inactive_0,active_1,active_2,inactive_3
sub-021,inactive_0,active_1,active_2,inactive_3,active_0,inactive_1,inactive_2,active_3,active_0,inactive_1,inactive_2,active_3,inactive_0,active_1,active_2,inactive_3
sub-022,inactive_0,active_1,active_2,inactive_3,active_0,inactive_1,inactive_2,active_3,active_0,inactive_1,inactive_2,active_3,active_0,inactive_1,inactive_2,active_3
sub-023,inactive_0,active_1,active_2,inactive_3,inactive_0,active_1,active_2,inactive_3,active_0,inactive_1,inactive_2,active_3,inactive_0,active_1,active_2,inactive_3
sub-024,inactive_0,active_1,active_2,inactive_3,inactive_0,active_1,active_2,inactive_3,active_0,inactive_1,inactive_2,active_3,active_0,inactive_1,inactive_2,active_3
sub-025,active_0,inactive_1,inactive_2,active_3,inactive_0,active_1,active_2,inactive_3,inactive_0,active_1,active_2,inactive_3,active_0,inactive_1,inactive_2,active_3
sub-026,active_0,inactive_1,inactive_2,active_3,inactive_0,active_1,active_2,inactive_3,inactive_0,active_1,active_2,inactive_3,inactive_0,active_1,active_2,inactive_3
sub-027,active_0,inactive_1,inactive_2,active_3,active_0,inactive_1,inactive_2,active_3,inactive_0,active_1,active_2,inactive_3,active_0,inactive_1,inactive_2,active_3
sub-028,active_0,inactive_1,inactive_2,active_3,active_0,inactive_1,inactive_2,active_3,inactive_0,active_1,active_2,inactive_3,inactive_0,active_1,active_2,inactive_3
sub-029,inactive_0,active_1,active_2,inactive_3,active_0,inactive_1,inactive_2,active_3,active_0,inactive_1,inactive_2,active_3,inactive_0,active_1,active_2,inactive_3
sub-030,inactive_0,active_1,active_2,inactive_3,active_0,inactive_1,inactive_2,active_3,active_0,inactive_1,inactive_2,active_3,active_0,inactive_1,inactive_2,active_3
sub-031,inactive_0,active_1,active_2,inactive_3,inactive_0,active_1,active_2,inactive_3,active_0,inactive_1,inactive_2,active_3,inactive_0,active_1,active_2,inactive_3
sub-032,inactive_0,active_1,active_2,inactive_3,inactive_0,active_1,active_2,inactive_3,active_0,inactive_1,inactive_2,active_3,active_0,inactive_1,inactive_2,active_3
sub-033,active_0,inactive_1,inactive_2,active_3,inactive_0,active_1,active_2,inactive_3,inactive_0,active_1,active_2,inactive_3,active_0,inactive_1,inactive_2,active_3
sub-034,active_0,inactive_1,inactive_2,active_3,inactive_0,active_1,active_2,inactive_3,inactive_0,active_1,active_2,inactive_3,inactive_0,active_1,active_2,inactive_3
sub-035,active_0,inactive_1,inactive_2,active_3,active_0,inactive_1,inactive_2,active_3,inactive_0,active_1,active_2,inactive_3,active_0,inactive_1,inactive_2,active_3
sub-036,active_0,inactive_1,inactive_2,active_3,active_0,inactive_1,inactive_2,active_3,inactive_0,active_1,active_2,inactive_3,inactive_0,active_1,active_2,inactive_3
sub-037,inactive_0,active_1,active_2,inactive_3,active_0,inactive_1,inactive_2,active_3,active_0,inactive_1,inactive_2,active_3,inactive_0,active_1,active_2,inactive_3
sub-038,inactive_0,active_1,active_2,inactive_3,active_0,inactive_1,inactive_2,active_3,active_0,inactive_1,inactive_2,active_3,active_0,inactive_1,inactive_2,active_3
sub-039,inactive_0,active_1,active_2,inactive_3,inactive_0,active_1,active_2,inactive_3,active_0,inactive_1,inactive_2,active_3,inactive_0,active_1,active_2,inactive_3
sub-040,inactive_0,active_1,active_2,inactive_3,inactive_0,active_1,active_2,inactive_3,active_0,inactive_1,inactive_2,active_3,active_0,inactive_1,inactive_2,active_3
sub-041,active_0,inactive_1,inactive_2,active_3,inactive_0,active_1,active_2,inactive_3,inactive_0,active_1,active_2,inactive_3,active_0,inactive_1,inactive_2,active_3
sub-042,active_0,inactive_1,inactive_2,active_3,inactive_0,active_1,active_2,inactive_3,inactive_0,active_1,active_2,inactive_3,inactive_0,active_1,active_2,inactive_3
sub-043,active_0,inactive_1,inactive_2,active_3,active_0,inactive_1,inactive_2,active_3,inactive_0,active_1,active_2,inactive_3,active_0,inactive_1,inactive_2,active_3
sub-044,active_0,inactive_1,inactive_2,active_3,active_0,inactive_1,inactive_2,active_3,inactive_0,active_1,active_2,inactive_3,inactive_0,active_1,active_2,inactive_3
sub-045,inactive_0,active_1,active_2,inactive_3,active_0,inactive_1,inactive_2,active_3,active_0,inactive_1,inactive_2,active_3,inactive_0,active_1,active_2,inactive_3
sub-046,inactive_0,active_1,active_2,inactive_3,active_0,inactive_1,inactive_2,active_3,active_0,inactive_1,inactive_2,active_3,active_0,inactive_1,inactive_2,active_3
sub-047,inactive_0,active_1,active_2,inactive_3,inactive_0,active_1,active_2,inactive_3,active_0,inactive_1,inactive_2,active_3,inactive_0,active_1,active_2,inactive_3
sub-048,inactive_0,active_1,active_2,inactive_3,inactive_0,active_1,active_2,inactive_3,active_0,inactive_1,inactive_2,active_3,active_0,inactive_1,inactive_2,active_3
sub-049,active_0,inactive_1,inactive_2,active_3,inactive_0,active_1,active_2,inactive_3,inactive_0,active_1,active_2,inactive_3,active_0,inactive_1,inactive_2,active_3
sub-050,active_0,inactive_1,inactive_2,active_3,inactive_0,active_1,active_2,inactive_3,inactive_0,active_1,active_2,inactive_3,inactive_0,active_1,active_2,inactive_3
sub-051,active_0,inactive_1,inactive_2,active_3,active_0,inactive_1,inactive_2,active_3,inactive_0,active_1,active_2,inactive_3,active_0,inactive_1,inactive_2,active_3
sub-052,active_0,inactive_1,inactive_2,active_3,active_0,inactive_1,inactive_2,active_3,inactive_0,active_1,active_2,inactive_3,inactive_0,active_1,active_2,inactive_3
sub-053,inactive_0,active_1,active_2,inactive_3,active_0,inactive_1,inactive_2,active_3,active_0,inactive_1,inactive_2,active_3,inactive_0,active_1,active_2,inactive_3
sub-054,inactive_0,active_1,active_2,inactive_3,active_0,inactive_1,inactive_2,active_3,active_0,inactive_1,inactive_2,active_3,active_0,inactive_1,inactive_2,active_3
sub-055,inactive_0,active_1,active_2,inactive_3,inactive_0,active_1,active_2,inactive_3,active_0,inactive_1,inactive_2,active_3,inactive_0,active_1,active_2,inactive_3
sub-056,inactive_0,active_1,active_2,inactive_3,inactive_0,active_1,active_2,inactive_3,active_0,inactive_1,inactive_2,active_3,active_0,inactive_1,inactive_2,active_3
sub-057,active_0,inactive_1,inactive_2,active_3,inactive_0,active_1,active_2,inactive_3,inactive_0,active_1,active_2,inactive_3,active_0,inactive_1,inactive_2,active_3
sub-058,active_0,inactive_1,inactive_2,active_3,inactive_0,active_1,active_2,inactive_3,inactive_0,active_1,active_2,inactive_3,inactive_0,active_1,active_2,inactive_3
sub-059,active_0,inactive_1,inactive_2,active_3,active_0,inactive_1,inactive_2,active_3,inactive_0,active_1,active_2,inactive_3,active_0,inactive_1,inactive_2,active_3
sub-060,active_0,inactive_1,inactive_2,active_3,active_0,inactive_1,inactive_2,active_3,inactive_0,active_1,active_2,inactive_3,inactive_0,active_1,active_2,inactive_3
sub-061,inactive_0,active_1,active_2,inactive_3,active_0,inactive_1,inactive_2,active_3,active_0,inactive_1,inactive_2,active_3,inactive_0,active_1,active_2,inactive_3
sub-062,inactive_0,active_1,active_2,inactive_3,active_0,inactive_1,inactive_2,active_3,active_0,inactive_1,inactive_2,active_3,active_0,inactive_1,inactive_2,active_3
sub-063,inactive_0,active_1,active_2,inactive_3,inactive_0,active_1,active_2,inactive_3,active_0,inactive_1,inactive_2,active_3,inactive_0,active_1,active_2,inactive_3
sub-064,inactive_0,active_1,active_2,inactive_3,inactive_0,active_1,active_2,inactive_3,active_0,inactive_1,inactive_2,active_3,active_0,inactive_1,inactive_2,active_3
sub-065,active_0,inactive_1,inactive_2,active_3,inactive_0,active_1,active_2,inactive_3,inactive_0,active_1,active_2,inactive_3,active_0,inactive_1,inactive_2,active_3
sub-066,active_0,inactive_1,inactive_2,active_3,inactive_0,active_1,active_2,inactive_3,inactive_0,active_1,active_2,inactive_3,inactive_0,active_1,active_2,inactive_3
sub-067,active_0,inactive_1,inactive_2,active_3,active_0,inactive_1,inactive_2,active_3,inactive_0,active_1,active_2,inactive_3,active_0,inactive_1,inactive_2,active_3
sub-068,active_0,inactive_1,inactive_2,active_3,active_0,inactive_1,inactive_2,active_3,inactive_0,active_1,active_2,inactive_3,inactive_0,active_1,active_2,inactive_3
sub-069,inactive_0,active_1,active_2,inactive_3,active_0,inactive_1,inactive_2,active_3,active_0,inactive_1,inactive_2,active_3,inactive_0,active_1,active_2,inactive_3
sub-070,inactive_0,active_1,active_2,inactive_3,active_0,inactive_1,inactive_2,active_3,active_0,inactive_1,inactive_2,active_3,active_0,inactive_1,inactive_2,active_3
sub-071,inactive_0,active_1,active_2,inactive_3,inactive_0,active_1,active_2,inactive_3,active_0,inactive_1,inactive_2,active_3,inactive_0,active_1,active_2,inactive_3
sub-072,inactive_0,active_1,active_2,inactive_3,inactive_0,active_1,active_2,inactive_3,active_0,inactive_1,inactive_2,active_3,active_0,inactive_1,inactive_2,active_3
sub-073,active_0,inactive_1,inactive_2,active_3,inactive_0,active_1,active_2,inactive_3,inactive_0,active_1,active_2,inactive_3,active_0,inactive_1,inactive_2,active_3
sub-074,active_0,inactive_1,inactive_2,active_3,inactive_0,active_1,active_2,inactive_3,inactive_0,active_1,active_2,inactive_3,inactive_0,active_1,active_2,inactive_3
sub-075,active_0,inactive_1,inactive_2,active_3,active_0,inactive_1,inactive_2,active_3,inactive_0,active_1,active_2,inactive_3,active_0,inactive_1,inactive_2,active_3
sub-076,active_0,inactive_1,inactive_2,active_3,active_0,inactive_1,inactive_2,active_3,inactive_0,active_1,active_2,inactive_3,inactive_0,active_1,active_2,inactive_3
sub-077,inactive_0,active_1,active_2,inactive_3,active_0,inactive_1,inactive_2,active_3,active_0,inactive_1,inactive_2,active_3,inactive_0,active_1,active_2,inactive_3
sub-078,inactive_0,active_1,active_2,inactive_3,active_0,inactive_1,inactive_2,active_3,active_0,inactive_1,inactive_2,active_3,active_0,inactive_1,inactive_2,active_3
sub-079,inactive_0,active_1,active_2,inactive_3,inactive_0,active_1,active_2,inactive_3,active_0,inactive_1,inactive_2,active_3,inactive_0,active_1,active_2,inactive_3
sub-080,inactive_0,active_1,active_2,inactive_3,inactive_0,active_1,active_2,inactive_3,active_0,inactive_1,inactive_2,active_3,active_0,inactive_1,inactive_2,active_3
sub-081,active_0,inactive_1,inactive_2,active_3,inactive_0,active_1,active_2,inactive_3,inactive_0,active_1,active_2,inactive_3,active_0,inactive_1,inactive_2,active_3
sub-082,active_0,inactive_1,inactive_2,active_3,inactive_0,active_1,active_2,inactive_3,inactive_0,active_1,active_2,inactive_3,inactive_0,active_1,active_2,inactive_3
sub-083,active_0,inactive_1,inactive_2,active_3,active_0,inactive_1,inactive_2,active_3,inactive_0,active_1,active_2,inactive_3,active_0,inactive_1,inactive_2,active_3
sub-084,active_0,inactive_1,inactive_2,active_3,active_0,inactive_1,inactive_2,active_3,inactive_0,active_1,active_2,inactive_3,inactive_0,active_1,active_2,inactive_3
sub-085,inactive_0,active_1,active_2,inactive_3,active_0,inactive_1,inactive_2,active_3,active_0,inactive_1,inactive_2,active_3,inactive_0,active_1,active_2,inactive_3
sub-086,inactive_0,active_1,active_2,inactive_3,active_0,inactive_1,inactive_2,active_3,active_0,inactive_1,inactive_2,active_3,active_0,inactive_1,inactive_2,active_3
sub-087,inactive_0,active_1,active_2,inactive_3,inactive_0,active_1,active_2,inactive_3,active_0,inactive_1,inactive_2,active_3,inactive_0,active_1,active_2,inactive_3
sub-088,inactive_0,active_1,active_2,inactive_3,inactive_0,active_1,active_2,inactive_3,active_0,inactive_1,inactive_2,active_3,active_0,inactive_1,inactive_2,active_3
sub-089,active_0,inactive_1,inactive_2,active_3,inactive_0,active_1,active_2,inactive_3,inactive_0,active_1,active_2,inactive_3,active_0,inactive_1,inactive_2,active_3
sub-090,active_0,inactive_1,inactive_2,active_3,inactive_0,active_1,active_2,inactive_3,inactive_0,active_1,active_2,inactive_3,inactive_0,active_1,active_2,inactive_3
sub-091,active_0,inactive_1,inactive_2,active_3,active_0,inactive_1,inactive_2,active_3,inactive_0,active_1,active_2,inactive_3,active_0,inactive_1,inactive_2,active_3
sub-092,active_0,inactive_1,inactive_2,active_3,active_0,inactive_1,inactive_2,active_3,inactive_0,active_1,active_2,inactive_3,inactive_0,active_1,active_2,inactive_3
sub-093,inactive_0,active_1,active_2,inactive_3,active_0,inactive_1,inactive_2,active_3,active_0,inactive_1,inactive_2,active_3,inactive_0,active_1,active_2,inactive_3
sub-094,inactive_0,active_1,active_2,inactive_3,active_0,inactive_1,inactive_2,active_3,active_0,inactive_1,inactive_2,active_3,active_0,inactive_1,inactive_2,active_3
sub-095,inactive_0,active_1,active_2,inactive_3,inactive_0,active_1,active_2,inactive_3,active_0,inactive_1,inactive_2,active_3,inactive_0,active_1,active_2,inactive_3
sub-096,inactive_0,active_1,active_2,inactive_3,inactive_0,active_1,active_2,inactive_3,active_0,inactive_1,inactive_2,active_3,active_0,inactive_1,inactive_2,active_3
sub-097,active_0,inactive_1,inactive_2,active_3,inactive_0,active_1,active_2,inactive_3,inactive_0,active_1,active_2,inactive_3,active_0,inactive_1,inactive_2,active_3
sub-098,active_0,inactive_1,inactive_2,active_3,inactive_0,active_1,active_2,inactive_3,inactive_0,active_1,active_2,inactive_3,inactive_0,active_1,active_2,inactive_3
sub-099,active_0,inactive_1,inactive_2,active_3,active_0,inactive_1,inactive_2,active_3,inactive_0,active_1,active_2,inactive_3,active_0,inactive_1,inactive_2,active_3
sub-100,active_0,inactive_1,inactive_2,active_3,active_0,inactive_1,inactive_2,active_3,inactive_0,active_1,active_2,inactive_3,inactive_0,active_1,active_2,inactive_3
sub-101,inactive_0,active_1,active_2,inactive_3,active_0,inactive_1,inactive_2,active_3,active_0,inactive_1,inactive_2,active_3,inactive_0,active_1,active_2,inactive_3
sub-102,inactive_0,active_1,active_2,inactive_3,active_0,inactive_1,inactive_2,active_3,active_0,inactive_1,inactive_2,active_3,active_0,inactive_1,inactive_2,active_3
sub-103,inactive_0,active_1,active_2,inactive_3,inactive_0,active_1,active_2,inactive_3,active_0,inactive_1,inactive_2,active_3,inactive_0,active_1,active_2,inactive_3
sub-104,inactive_0,active_1,active_2,inactive_3,inactive_0,active_1,active_2,inactive_3,active_0,inactive_1,inactive_2,active_3,active_0,inactive_1,inactive_2,active_3
sub-105,active_0,inactive_1,inactive_2,active_3,inactive_0,active_1,active_2,inactive_3,inactive_0,active_1,active_2,inactive_3,active_0,inactive_1,inactive_2,active_3
sub-106,active_0,inactive_1,inactive_2,active_3,inactive_0,active_1,active_2,inactive_3,inactive_0,active_1,active_2,inactive_3,inactive_0,active_1,active_2,inactive_3
sub-107,active_0,inactive_1,inactive_2,active_3,active_0,inactive_1,inactive_2,active_3,inactive_0,active_1,active_2,inactive_3,active_0,inactive_1,inactive_2,active_3
sub-108,active_0,inactive_1,inactive_2,active_3,active_0,inactive_1,inactive_2,active_3,inactive_0,active_1,active_2,inactive_3,inactive_0,active_1,active_2,inactive_3
sub-109,inactive_0,active_1,active_2,inactive_3,active_0,inactive_1,inactive_2,active_3,active_0,inactive_1,inactive_2,active_3,inactive_0,active_1,active_2,inactive_3
sub-110,inactive_0,active_1,active_2,inactive_3,active_0,inactive_1,inactive_2,active_3,active_0,inactive_1,inactive_2,active_3,active_0,inactive_1,inactive_2,active_3
sub-111,inactive_0,active_1,active_2,inactive_3,inactive_0,active_1,active_2,inactive_3,active_0,inactive_1,inactive_2,active_3,inactive_0,active_1,active_2,inactive_3
sub-112,inactive_0,active_1,active_2,inactive_3,inactive_0,active_1,active_2,inactive_3,active_0,inactive_1,inactive_2,active_3,active_0,inactive_1,inactive_2,active_3
sub-113,active_0,inactive_1,inactive_2,active_3,inactive_0,active_1,active_2,inactive_3,inactive_0,active_1,active_2,inactive_3,active_0,inactive_1,inactive_2,active_3
sub-114,active_0,inactive_1,inactive_2,active_3,inactive_0,active_1,active_2,inactive_3,inactive_0,active_1,active_2,inactive_3,inactive_0,active_1,active_2,inactive_3
sub-115,active_0,inactive_1,inactive_2,active_3,active_0,inactive_1,inactive_2,active_3,inactive_0,active_1,active_2,inactive_3,active_0,inactive_1,inactive_2,active_3
sub-116,active_0,inactive_1,inactive_2,active_3,active_0,inactive_1,inactive_2,active_3,inactive_0,active_1,active_2,inactive_3,inactive_0,active_1,active_2,inactive_3
sub-117,inactive_0,active_1,active_2,inactive_3,active_0,inactive_1,inactive_2,active_3,active_0,inactive_1,inactive_2,active_3,inactive_0,active_1,active_2,inactive_3
sub-118,inactive_0,active_1,active_2,inactive_3,active_0,inactive_1,inactive_2,active_3,active_0,inactive_1,inactive_2,active_3,active_0,inactive_1,inactive_2,active_3
sub-119,inactive_0,active_1,active_2,inactive_3,inactive_0,active_1,active_2,inactive_3,active_0,inactive_1,inactive_2,active_3,inactive_0,active_1,active_2,inactive_3
sub-120,inactive_0,active_1,active_2,inactive_3,inactive_0,active_1,active_2,inactive_3,active_0,inactive_1,inactive_2,active_3,active_0,inactive_1,inactive_2,active_3
sub-121,active_0,inactive_1,inactive_2,active_3,inactive_0,active_1,active_2,inactive_3,inactive_0,active_1,active_2,inactive_3,active_0,inactive_1,inactive_2,active_3
sub-122,active_0,inactive_1,inactive_2,active_3,inactive_0,active_1,active_2,inactive_3,inactive_0,active_1,active_2,inactive_3,inactive_0,active_1,active_2,inactive_3
sub-123,active_0,inactive_1,inactive_2,active_3,active_0,inactive_1,inactive_2,active_3,inactive_0,active_1,active_2,inactive_3,active_0,inactive_1,inactive_2,active_3
sub-124,active_0,inactive_1,inactive_2,active_3,active_0,inactive_1,inactive_2,active_3,inactive_0,active_1,active_2,inactive_3,inactive_0,active_1,active_2,inactive_3
sub-125,inactive_0,active_1,active_2,inactive_3,active_0,inactive_1,inactive_2,active_3,active_0,inactive_1,inactive_2,active_3,inactive_0,active_1,active_2,inactive_3
sub-126,inactive_0,active_1,active_2,inactive_3,active_0,inactive_1,inactive_2,active_3,active_0,inactive_1,inactive_2,active_3,active_0,inactive_1,inactive_2,active_3
sub-127,inactive_0,active_1,active_2,inactive_3,inactive_0,active_1,active_2,inactive_3,active_0,inactive_1,inactive_2,active_3,inactive_0,active_1,active_2,inactive_3
sub-128,inactive_0,active_1,active_2,inactive_3,inactive_0,active_1,active_2,inactive_3,active_0,inactive_1,inactive_2,active_3,active_0,inactive_1,inactive_2,active_3
sub-129,active_0,inactive_1,inactive_2,active_3,inactive_0,active_1,active_2,inactive_3,inactive_0,active_1,active_2,inactive_3,active_0,inactive_1,inactive_2,active_3
sub-130,active_0,inactive_1,inactive_2,active_3,inactive_0,active_1,active_2,inactive_3,inactive_0,active_1,active_2,inactive_3,inactive_0,active_1,active_2,inactive_3
sub-131,active_0,inactive_1,inactive_2,active_3,active_0,inactive_1,inactive_2,active_3,inactive_0,active_1,active_2,inactive_3,active_0,inactive_1,inactive_2,active_3
sub-132,active_0,inactive_1,inactive_2,active_3,active_0,inactive_1,inactive_2,active_3,inactive_0,active_1,active_2,inactive_3,inactive_0,active_1,active_2,inactive_3
sub-133,inactive_0,active_1,active_2,inactive_3,active_0,inactive_1,inactive_2,active_3,active_0,inactive_1,inactive_2,active_3,inactive_0,active_1,active_2,inactive_3
sub-134,inactive_0,active_1,active_2,inactive_3,active_0,inactive_1,inactive_2,active_3,active_0,inactive_1,inactive_2,active_3,active_0,inactive_1,inactive_2,active_3
sub-135,inactive_0,active_1,active_2,inactive_3,inactive_0,active_1,active_2,inactive_3,active_0,inactive_1,inactive_2,active_3,inactive_0,active_1,active_2,inactive_3
sub-136,inactive_0,active_1,active_2,inactive_3,inactive_0,active_1,active_2,inactive_3,active_0,inactive_1,inactive_2,active_3,active_0,inactive_1,inactive_2,active_3
sub-137,active_0,inactive_1,inactive_2,active_3,inactive_0,active_1,active_2,inactive_3,inactive_0,active_1,active_2,inactive_3,active_0,inactive_1,inactive_2,active_3
sub-138,active_0,inactive_1,inactive_2,active_3,inactive_0,active_1,active_2,inactive_3,inactive_0,active_1,active_2,inactive_3,inactive_0,active_1,active_2,inactive_3
sub-139,active_0,inactive_1,inactive_2,active_3,active_0,inactive_1,inactive_2,active_3,inactive_0,active_1,active_2,inactive_3,active_0,inactive_1,inactive_2,active_3
sub-140,active_0,inactive_1,inactive_2,active_3,active_0,inactive_1,inactive_2,active_3,inactive_0,active_1,active_2,inactive_3,inactive_0,active_1,active_2,inactive_3
sub-141,inactive_0,active_1,active_2,inactive_3,active_0,inactive_1,inactive_2,active_3,active_0,inactive_1,inactive_2,active_3,inactive_0,active_1,active_2,inactive_3
sub-142,inactive_0,active_1,active_2,inactive_3,active_0,inactive_1,inactive_2,active_3,active_0,inactive_1,inactive_2,active_3,active_0,inactive_1,inactive_2,active_3
sub-143,inactive_0,active_1,active_2,inactive_3,inactive_0,active_1,active_2,inactive_3,active_0,inactive_1,inactive_2,active_3,inactive_0,active_1,active_2,inactive_3
sub-144,inactive_0,active_1,active_2,inactive_3,inactive_0,active_1,active_2,inactive_3,active_0,inactive_1,inactive_2,active_3,active_0,inactive_1,inactive_2,active_3
sub-145,active_0,inactive_1,inactive_2,active_3,inactive_0,active_1,active_2,inactive_3,inactive_0,active_1,active_2,inactive_3,active_0,inactive_1,inactive_2,active_3
sub-146,active_0,inactive_1,inactive_2,active_3,inactive_0,active_1,active_2,inactive_3,inactive_0,active_1,active_2,inactive_3,inactive_0,active_1,active_2,inactive_3
sub-147,active_0,inactive_1,inactive_2,active_3,active_0,inactive_1,inactive_2,active_3,inactive_0,active_1,active_2,inactive_3,active_0,inactive_1,inactive_2,active_3
sub-148,active_0,inactive_1,inactive_2,active_3,active_0,inactive_1,inactive_2,active_3,inactive_0,active_1,active_2,inactive_3,inactive_0,active_1,active_2,inactive_3
sub-149,inactive_0,active_1,active_2,inactive_3,active_0,inactive_1,inactive_2,active_3,active_0,inactive_1,inactive_2,active_3,inactive_0,active_1,active_2,inactive_3
sub-150,inactive_0,active_1,active_2,inactive_3,active_0,inactive_1,inactive_2,active_3,active_0,inactive_1,inactive_2,active_3,active_0,inactive_1,inactive_2,active_3
sub-151,inactive_0,active_1,active_2,inactive_3,inactive_0,active_1,active_2,inactive_3,active_0,inactive_1,inactive_2,active_3,inactive_0,active_1,active_2,inactive_3
sub-152,inactive_0,active_1,active_2,inactive_3,inactive_0,active_1,active_2,inactive_3,active_0,inactive_1,inactive_2,active_3,active_0,inactive_1,inactive_2,active_3
sub-153,active_0,inactive_1,inactive_2,active_3,inactive_0,active_1,active_2,inactive_3,inactive_0,active_1,active_2,inactive_3,active_0,inactive_1,inactive_2,active_3
sub-154,active_0,inactive_1,inactive_2,active_3,inactive_0,active_1,active_2,inactive_3,inactive_0,active_1,active_2,inactive_3,inactive_0,active_1,active_2,inactive_3
sub-155,active_0,inactive_1,inactive_2,active_3,active_0,inactive_1,inactive_2,active_3,inactive_0,active_1,active_2,inactive_3,active_0,inactive_1,inactive_2,active_3
sub-156,active_0,inactive_1,inactive_2,active_3,active_0,inactive_1,inactive_2,active_3,inactive_0,active_1,active_2,inactive_3,inactive_0,active_1,active_2,inactive_3
sub-157,inactive_0,active_1,active_2,inactive_3,active_0,inactive_1,inactive_2,active_3,active_0,inactive_1,inactive_2,active_3,inactive_0,active_1,active_2,inactive_3
sub-158,inactive_0,active_1,active_2,inactive_3,active_0,inactive_1,inactive_2,active_3,active_0,inactive_1,inactive_2,active_3,active_0,inactive_1,inactive_2,active_3
sub-159,inactive_0,active_1,active_2,inactive_3,inactive_0,active_1,active_2,inactive_3,active_0,inactive_1,inactive_2,active_3,inactive_0,active_1,active_2,inactive_3
sub-160,inactive_0,active_1,active_2,inactive_3,inactive_0,active_1,active_2,inactive_3,active_0,inactive_1,inactive_2,active_3,active_0,inactive_1,inactive_2,active_3
