trials.thisRepN,trials.thisTrialN,trials.thisN,trials.thisIndex,thisRow.t,notes,trial.started,trial.stopped,wait.started,wait.stopped,triggerrrs.started,thermode_locali_pic.started,discrimin_resp.started,percu_or.started,responser.started,thermode_locali_pic.stopped,discrimin_resp.stopped,percu_or.stopped,responser.stopped,triggerrrs.stopped,dur_plateau1,dur_plateau2,dur_plateau1_sent,dur_plateau2_sent,start_plateau_2_resp,start_detect_cue,dur_pic,dur_rise,temp_plateau_sent,loca_thermode,pic_sent,quest_intens,pic_response,discrimin_resp.keys,discrimin_resp.rt,discrimin_resp.duration,Cali_fin.started,text.started,text.stopped,Cali_fin.stopped,mean_6_reversals,pic_a_utiliser,threshold,participant,com_thermode,temp_plateau,date,expName,psychopyVersion,frameRate,expStart,
0,0,0,0,201.15571719995933,,0.020638399990275502,201.13918719999492,201.13952399999835,206.13913689996116,206.13914159999695,206.1559077000129,214.13928289996693,214.13928289996693,214.13928289996693,216.35586760001024,217.13924799999222,217.13924799999222,217.13924799999222,217.12259779998567,3.86,4.94,386,494,8,3,1.2,0.75,466,0,474,0.8,1,m,1.0425291999708861,None,,,,,,,,sub-080,COM3,46.6,2026-05-25_10h31.33.021,2024_RDpaindiscrimination_QUEST,2023.2.3,59.99754011006313,2026-05-25 10h31.41.895090 -0400,
1,0,1,0,217.13924799999222,,,,217.1237528999918,222.12263699999312,222.12264189997222,222.1392496000044,230.1393434999627,230.1393434999627,230.1393434999627,232.33940549998078,233.13942119997228,233.13942119997228,233.13942119997228,233.12281380000059,3.66,5.14,366,514,8,3,1.2,0.75,466,1,470,0.4,1,m,0.44247499998891726,None,,,,,,,,sub-080,COM3,46.6,2026-05-25_10h31.33.021,2024_RDpaindiscrimination_QUEST,2023.2.3,59.99754011006313,2026-05-25 10h31.41.895090 -0400,
2,0,2,0,233.13942119997228,,,,233.12370259995805,238.12281059997622,238.12281550001353,238.13954110001214,246.12274859996978,246.12274859996978,246.12274859996978,248.3396266999771,249.12287520000245,249.12287520000245,249.12287520000245,249.10633889999008,3.25,5.55,325,555,8,3,1.2,0.75,466,2,469,0.3,0,n,0.6230979000101797,None,,,,,,,,sub-080,COM3,46.6,2026-05-25_10h31.33.021,2024_RDpaindiscrimination_QUEST,2023.2.3,59.99754011006313,2026-05-25 10h31.41.895090 -0400,
3,0,3,0,249.12287520000245,,,,249.1072650999995,254.10633719997713,254.10634210001444,254.12300739996135,262.1063822999713,262.1063822999713,262.1063822999713,264.3230803000042,265.10646809998434,265.10646809998434,265.10646809998434,265.089813700004,3.6,5.2,360,520,8,3,1.2,0.75,466,3,472,0.6,1,m,0.8632519000093453,None,,,,,,,,sub-080,COM3,46.6,2026-05-25_10h31.33.021,2024_RDpaindiscrimination_QUEST,2023.2.3,59.99754011006313,2026-05-25 10h31.41.895090 -0400,
4,0,4,0,265.10646809998434,,,,265.09069019998424,270.0898486999795,270.08985369995935,270.1065291999839,278.08985089999624,278.08985089999624,278.08985089999624,280.30652669997653,281.0899635999813,281.0899635999813,281.0899635999813,281.07331179996254,3.45,5.35,345,535,8,3,1.2,0.75,466,0,472,0.6,0,n,0.2679233999806456,None,,,,,,,,sub-080,COM3,46.6,2026-05-25_10h31.33.021,2024_RDpaindiscrimination_QUEST,2023.2.3,59.99754011006313,2026-05-25 10h31.41.895090 -0400,
5,0,5,0,281.0899635999813,,,,281.0741975000128,286.0733109000139,286.07331569999224,286.0900525999605,294.07334409997566,294.07334409997566,294.07334409997566,296.2901508999639,297.073405299976,297.073405299976,297.073405299976,297.056855599978,4.67,4.13,467,413,8,3,1.2,0.75,466,1,475,0.8999999999999999,1,m,0.4564054000074975,None,,,,,,,,sub-080,COM3,46.6,2026-05-25_10h31.33.021,2024_RDpaindiscrimination_QUEST,2023.2.3,59.99754011006313,2026-05-25 10h31.41.895090 -0400,
6,0,6,0,297.073405299976,,,,297.05772350000916,302.0568597000092,302.0568646999891,302.07343029999174,310.0569163999753,310.0569163999753,310.0569163999753,312.27358229999663,313.05693439999595,313.05693439999595,313.05693439999595,313.0403451999882,3.98,4.82,398,482,8,3,1.2,0.75,466,2,475,0.8999999999999999,1,m,0.448830800014548,None,,,,,,,,sub-080,COM3,46.6,2026-05-25_10h31.33.021,2024_RDpaindiscrimination_QUEST,2023.2.3,59.99754011006313,2026-05-25 10h31.41.895090 -0400,
7,0,7,0,313.05693439999595,,,,313.0412619999843,318.0403672999819,318.04037229996175,318.05697089998284,326.04036039998755,326.04036039998755,326.04036039998755,328.25708660000237,329.04044959996827,329.04044959996827,329.04044959996827,329.023810099985,4.68,4.12,468,412,8,3,1.2,0.75,466,3,473,0.7,0,n,0.45337450003717095,None,,,,,,,,sub-080,COM3,46.6,2026-05-25_10h31.33.021,2024_RDpaindiscrimination_QUEST,2023.2.3,59.99754011006313,2026-05-25 10h31.41.895090 -0400,
8,0,8,0,329.04044959996827,,,,329.0247151000076,334.0238695999724,334.0238743000082,334.04054929997073,342.02391190000344,342.02391190000344,342.02391190000344,344.24057449999964,345.0239064999623,345.0239064999623,345.0239064999623,345.007295599964,3.71,5.09,371,509,8,3,1.2,0.75,466,0,474,0.7999999999999999,1,m,0.46978659997694194,None,,,,,,,,sub-080,COM3,46.6,2026-05-25_10h31.33.021,2024_RDpaindiscrimination_QUEST,2023.2.3,59.99754011006313,2026-05-25 10h31.41.895090 -0400,
9,0,9,0,345.0239064999623,,,,345.0081935999915,350.0073102999595,350.007314699993,350.0239825999597,358.00741239998024,358.00741239998024,358.00741239998024,360.2240801999578,361.00742499995977,361.00742499995977,361.00742499995977,360.9908369999612,3.64,5.16,364,516,8,3,1.2,0.75,466,1,474,0.7999999999999999,0,n,0.690343499998562,None,,,,,,,,sub-080,COM3,46.6,2026-05-25_10h31.33.021,2024_RDpaindiscrimination_QUEST,2023.2.3,59.99754011006313,2026-05-25 10h31.41.895090 -0400,
10,0,10,0,361.00742499995977,,,,360.9917390999617,365.9908729000017,365.9908780999831,366.0075739999884,373.9909827999654,373.9909827999654,373.9909827999654,376.20756690000417,376.9908862999873,376.9908862999873,376.9908862999873,376.9743343999726,3.6,5.2,360,520,8,3,1.2,0.75,466,2,475,0.8999999999999999,1,m,0.5467609000043012,None,,,,,,,,sub-080,COM3,46.6,2026-05-25_10h31.33.021,2024_RDpaindiscrimination_QUEST,2023.2.3,59.99754011006313,2026-05-25 10h31.41.895090 -0400,
11,0,11,0,376.9908862999873,,,,376.97522580000805,381.97426280000946,381.97426769998856,381.9910052999621,389.9743955999729,389.9743955999729,389.9743955999729,392.19106639997335,392.97443229996134,392.97443229996134,392.97443229996134,392.95785149995936,3.58,5.22,358,522,8,3,1.2,0.75,466,3,475,0.8999999999999999,1,m,0.3592425000388175,None,,,,,,,,sub-080,COM3,46.6,2026-05-25_10h31.33.021,2024_RDpaindiscrimination_QUEST,2023.2.3,59.99754011006313,2026-05-25 10h31.41.895090 -0400,
12,0,12,0,392.97443229996134,,,,392.9588083999697,397.9578841999755,397.95788880001055,397.97455439995974,405.9579478999949,405.9579478999949,405.9579478999949,408.17461499996716,408.95792710001115,408.95792710001115,408.95792710001115,408.94131689995993,4.57,4.23,457,423,8,3,1.2,0.75,466,0,474,0.7999999999999999,0,n,0.2876776999910362,None,,,,,,,,sub-080,COM3,46.6,2026-05-25_10h31.33.021,2024_RDpaindiscrimination_QUEST,2023.2.3,59.99754011006313,2026-05-25 10h31.41.895090 -0400,
13,0,13,0,408.95792710001115,,,,408.94221589999506,413.9414020999684,413.9414071000065,413.95807429996785,421.9413779999595,421.9413779999595,421.9413779999595,424.15808239998296,424.9414793999749,424.9414793999749,424.9414793999749,424.9247765999753,4.07,4.73,407,473,8,3,1.2,0.75,466,1,475,0.8999999999999999,1,m,0.3322636999655515,None,,,,,,,,sub-080,COM3,46.6,2026-05-25_10h31.33.021,2024_RDpaindiscrimination_QUEST,2023.2.3,59.99754011006313,2026-05-25 10h31.41.895090 -0400,
14,0,14,0,424.9414793999749,,,,424.9256543999654,429.9248780999915,429.9248831999721,429.94147359998897,437.92495089996373,437.92495089996373,437.92495089996373,440.14162359997863,440.9249372999766,440.9249372999766,440.9249372999766,440.9083296000026,4.6,4.2,459,420,8,3,1.2,0.75,466,2,475,0.8999999999999999,1,m,0.2847286000032909,None,,,,,,,,sub-080,COM3,46.6,2026-05-25_10h31.33.021,2024_RDpaindiscrimination_QUEST,2023.2.3,59.99754011006313,2026-05-25 10h31.41.895090 -0400,
15,0,15,0,440.9249372999766,,,,440.9092367999838,445.9083147000056,445.90831939998316,445.92498730000807,453.9084271999891,453.9084271999891,453.9084271999891,456.12512169999536,456.9084648999851,456.9084648999851,456.9084648999851,456.89190250000684,3.93,4.87,393,487,8,3,1.2,0.75,466,3,474,0.7999999999999999,1,m,0.3292079000384547,None,,,,,,,,sub-080,COM3,46.6,2026-05-25_10h31.33.021,2024_RDpaindiscrimination_QUEST,2023.2.3,59.99754011006313,2026-05-25 10h31.41.895090 -0400,
16,0,16,0,456.9084648999851,,,,456.89280329999747,461.891880799958,461.89188559999457,461.90853859996423,469.89197519997833,469.89197519997833,469.89197519997833,472.1086328999954,472.8919803999597,472.8919803999597,472.8919803999597,472.8753308999585,3.47,5.33,347,533,8,3,1.2,0.75,466,0,474,0.7999999999999999,1,m,0.32164030004059896,None,,,,,,,,sub-080,COM3,46.6,2026-05-25_10h31.33.021,2024_RDpaindiscrimination_QUEST,2023.2.3,59.99754011006313,2026-05-25 10h31.41.895090 -0400,
17,0,17,0,472.8919803999597,,,,472.87623679998796,477.87540560000343,477.8754105999833,477.89209420001134,485.8754868999822,485.8754868999822,485.8754868999822,488.09214520000387,488.8754747000057,488.8754747000057,488.8754747000057,488.8588720000116,4.18,4.62,418,462,8,3,1.2,0.75,466,1,473,0.7,0,n,0.42210399999748915,None,,,,,,,,sub-080,COM3,46.6,2026-05-25_10h31.33.021,2024_RDpaindiscrimination_QUEST,2023.2.3,59.99754011006313,2026-05-25 10h31.41.895090 -0400,
18,0,18,0,488.8754747000057,,,,488.85977360000834,493.85887009999715,493.8588747999747,493.87563349999255,501.85901600000216,501.85901600000216,501.85901600000216,504.07560410001315,504.8589800999616,504.8589800999616,504.8589800999616,504.8423589000013,3.97,4.83,397,483,8,3,1.2,0.75,466,2,474,0.7999999999999999,1,m,0.5265579000115395,None,,,,,,,,sub-080,COM3,46.6,2026-05-25_10h31.33.021,2024_RDpaindiscrimination_QUEST,2023.2.3,59.99754011006313,2026-05-25 10h31.41.895090 -0400,
19,0,19,0,504.8589800999616,,,,504.8432736999821,509.84239179996075,509.84239649999654,509.8590509999776,517.8424142000149,517.8424142000149,517.8424142000149,520.0591503999894,520.8425105999922,520.8425105999922,520.8425105999922,520.8258798999595,3.3,5.5,330,550,8,3,1.2,0.75,466,3,474,0.7999999999999999,0,n,0.4031422999687493,None,,,,,,,,sub-080,COM3,46.6,2026-05-25_10h31.33.021,2024_RDpaindiscrimination_QUEST,2023.2.3,59.99754011006313,2026-05-25 10h31.41.895090 -0400,
20,0,20,0,520.8425105999922,,,,520.8267422000063,525.8258669999777,525.8258721999591,525.8426013999851,533.8259572999668,533.8259572999668,533.8259572999668,536.0426585999667,536.8260157000041,536.8260157000041,536.8260157000041,536.8093879999942,4.65,4.15,465,415,8,3,1.2,0.75,466,0,475,0.8999999999999999,1,m,0.48369899997487664,None,,,,,,,,sub-080,COM3,46.6,2026-05-25_10h31.33.021,2024_RDpaindiscrimination_QUEST,2023.2.3,59.99754011006313,2026-05-25 10h31.41.895090 -0400,
21,0,21,0,536.8260157000041,,,,536.8104564999812,541.8094448999618,541.8094496999984,541.8261124999844,549.8094898000127,549.8094898000127,549.8094898000127,552.0261752000079,552.8095343000023,552.8095343000023,552.8095343000023,552.7928939000121,3.51,5.29,351,529,8,3,1.2,0.75,466,1,475,0.8999999999999999,1,m,0.36005109996767715,None,,,,,,,,sub-080,COM3,46.6,2026-05-25_10h31.33.021,2024_RDpaindiscrimination_QUEST,2023.2.3,59.99754011006313,2026-05-25 10h31.41.895090 -0400,
22,0,22,0,552.8095343000023,,,,552.7938077999861,557.7929280999815,557.7929329999606,557.8095271000057,565.7929877999704,565.7929877999704,565.7929877999704,568.009666399972,568.7929714999627,568.7929714999627,568.7929714999627,568.7764289999614,4.51,4.29,451,429,8,3,1.2,0.75,466,2,474,0.7999999999999999,1,m,0.4566708999918774,None,,,,,,,,sub-080,COM3,46.6,2026-05-25_10h31.33.021,2024_RDpaindiscrimination_QUEST,2023.2.3,59.99754011006313,2026-05-25 10h31.41.895090 -0400,
23,0,23,0,568.7929714999627,,,,568.7773134000017,573.7764450999675,573.7764499000041,573.7931309000123,581.7764660000103,581.7764660000103,581.7764660000103,583.9931654999964,584.7765285999631,584.7765285999631,584.7765285999631,584.7599185999716,4.61,4.19,461,419,8,3,1.2,0.75,466,3,474,0.7999999999999999,0,n,0.3969747999799438,None,,,,,,,,sub-080,COM3,46.6,2026-05-25_10h31.33.021,2024_RDpaindiscrimination_QUEST,2023.2.3,59.99754011006313,2026-05-25 10h31.41.895090 -0400,
24,0,24,0,584.7765285999631,,,,584.7608478000038,589.7599532000022,589.7599581999821,589.7766221999773,597.7599927000119,597.7599927000119,597.7599927000119,599.9766090000048,600.7599806999788,600.7599806999788,600.7599806999788,600.7434247999918,3.41,5.39,341,539,8,3,1.2,0.75,466,0,475,0.8999999999999999,0,n,0.5255221999832429,None,,,,,,,,sub-080,COM3,46.6,2026-05-25_10h31.33.021,2024_RDpaindiscrimination_QUEST,2023.2.3,59.99754011006313,2026-05-25 10h31.41.895090 -0400,
25,0,25,0,600.7599806999788,,,,600.7443262999877,605.7434125999571,605.7434176999959,605.7600791999721,613.7434438999626,613.7434438999626,613.7434438999626,615.9601032999926,616.7434799000039,616.7434799000039,616.7434799000039,616.7269058999955,3.5,5.3,350,530,8,3,1.2,0.75,466,1,476,0.9999999999999999,1,m,0.7300391999888234,None,,,,,,,,sub-080,COM3,46.6,2026-05-25_10h31.33.021,2024_RDpaindiscrimination_QUEST,2023.2.3,59.99754011006313,2026-05-25 10h31.41.895090 -0400,
26,0,26,0,616.7434799000039,,,,616.7278185999603,621.7269137999974,621.7269187999773,621.7435772999888,629.7269845000119,629.7269845000119,629.7269845000119,631.9436754999915,632.727052000002,632.727052000002,632.727052000002,632.7104043000145,4.55,4.25,455,425,8,3,1.2,0.75,466,2,476,0.9999999999999999,1,m,0.4424857000121847,None,,,,,,,,sub-080,COM3,46.6,2026-05-25_10h31.33.021,2024_RDpaindiscrimination_QUEST,2023.2.3,59.99754011006313,2026-05-25 10h31.41.895090 -0400,
27,0,27,0,632.727052000002,,,,632.7113171999808,637.7104594999691,637.7104643000057,637.7271451000124,645.7105024000048,645.7105024000048,645.7105024000048,647.9271985999658,648.7105369999772,648.7105369999772,648.7105369999772,648.6939300000085,4.09,4.71,409,471,8,3,1.2,0.75,466,3,475,0.8999999999999999,0,n,0.45496709999861196,None,,,,,,,,sub-080,COM3,46.6,2026-05-25_10h31.33.021,2024_RDpaindiscrimination_QUEST,2023.2.3,59.99754011006313,2026-05-25 10h31.41.895090 -0400,
28,0,28,0,648.7105369999772,,,,648.6948428999749,653.6938845000113,653.6938896999927,653.7105369999772,661.6940178999794,661.6940178999794,661.6940178999794,663.9106976999901,664.6940527000115,664.6940527000115,664.6940527000115,664.6774447999778,4.04,4.76,404,476,8,3,1.2,0.75,466,0,476,0.9999999999999999,1,m,0.41541070002131164,None,,,,,,,,sub-080,COM3,46.6,2026-05-25_10h31.33.021,2024_RDpaindiscrimination_QUEST,2023.2.3,59.99754011006313,2026-05-25 10h31.41.895090 -0400,
29,0,29,0,664.6940527000115,,,,664.6783765999717,669.6774843999883,669.6774894999689,669.6941063000122,677.6774045999628,677.6774045999628,677.6774045999628,679.8941247999901,680.6774638000061,680.6774638000061,680.6774638000061,680.6608638999751,4.5,4.3,450,430,8,3,1.2,0.75,466,1,476,0.9999999999999999,1,m,0.7080491000087932,None,,,,,,,,sub-080,COM3,46.6,2026-05-25_10h31.33.021,2024_RDpaindiscrimination_QUEST,2023.2.3,59.99754011006313,2026-05-25 10h31.41.895090 -0400,
30,0,30,0,680.6774638000061,,,,680.6617810999742,685.6608912000083,685.6608959999867,685.6776156999986,693.661048799986,693.661048799986,693.661048799986,695.8776711999672,696.6610627999762,696.6610627999762,696.6610627999762,696.6444608999882,3.88,4.92,388,492,8,3,1.2,0.75,466,2,475,0.8999999999999999,0,n,0.4523699000128545,None,,,,,,,,sub-080,COM3,46.6,2026-05-25_10h31.33.021,2024_RDpaindiscrimination_QUEST,2023.2.3,59.99754011006313,2026-05-25 10h31.41.895090 -0400,
31,0,31,0,696.6610627999762,,,,696.6453459999757,701.6444871000131,701.6444922999945,701.6611239999766,709.6445386999985,709.6445386999985,709.6445386999985,711.8611357999616,712.6444695999962,712.6444695999962,712.6444695999962,712.6278689999599,3.75,5.05,375,505,8,3,1.2,0.75,466,3,476,0.9999999999999999,0,n,0.6328964999993332,None,,,,,,,,sub-080,COM3,46.6,2026-05-25_10h31.33.021,2024_RDpaindiscrimination_QUEST,2023.2.3,59.99754011006313,2026-05-25 10h31.41.895090 -0400,
,,,,,,,,,,,,,,,,,,,,,,,,,,,,,,,,,,,,712.6286989999935,712.6444695999962,718.744616299984,718.6280103999889,0.9166666666666666,47.516666666666666,1.014665360146368,,,,,,,,,
